date,item_nbr,unit_sales,price
2000-01-01,0,81.0,6.234567901234568
2000-01-02,0,91.0182,5.407269230769231
2000-01-03,0,85.03399999999999,6.260388235294118
2000-01-04,0,81.0486,6.496262345679013
2000-01-05,0,73.05839999999999,6.564924657534246
2000-01-06,0,69.06899999999999,6.946367753623189
2000-01-07,0,75.09,6.057873333333334
2000-01-08,0,72.1008,6.950520833333333
2000-01-09,0,72.1152,7.56311111111111
2000-01-10,0,81.14580000000001,6.426975308641976
2000-01-11,0,84.168,6.2578125
2000-01-12,0,90.198,5.018001388888888
2000-01-13,0,76.1824,5.969467105263158
2000-01-14,0,73.18979999999999,6.997654109589042
2000-01-15,0,86.2408,6.278409883720929
2000-01-16,0,86.258,5.964651162790698
2000-01-17,0,81.2592,6.704740740740741
2000-01-18,0,85.289,5.8123249999999995
2000-01-19,0,70.25200000000001,7.316425000000001
2000-01-20,0,84.3192,5.465330357142857
2000-01-21,0,78.312,5.86076923076923
2000-01-22,0,91.3822,5.0131250000000005
2000-01-23,0,76.3344,6.253993421052631
2000-01-24,0,81.37259999999999,5.819151234567901
2000-01-25,0,81.38879999999999,5.696049382716049
2000-01-26,0,71.35499999999999,7.4457306338028175
2000-01-27,0,84.4368,5.7686874999999995
2000-01-28,0,79.42660000000001,6.515587025316455
2000-01-29,0,79.4424,6.325860759493671
2000-01-30,0,69.4002,7.679913043478261
2000-01-31,0,20.12,24.842812499999997
2000-02-01,0,20.124,25.74939375
2000-02-02,0,20.128,23.7948
2000-02-03,0,21.1386,25.34220238095238
2000-02-04,0,21.142799999999998,23.002107142857145
2000-02-05,0,19.133,27.32957236842105
2000-02-06,0,21.151200000000003,24.825499999999998
2000-02-07,0,19.140600000000003,25.855875
2000-02-08,0,20.152,24.9680375
2000-02-09,0,19.1482,26.338302631578944
2000-02-10,0,20.16,25.17525
2000-02-11,0,19.1558,26.71516447368421
2000-02-12,0,21.1764,26.040761904761904
2000-02-13,0,19.1634,27.35678289473684
2000-02-14,0,19.167199999999998,27.20142105263158
2000-02-15,0,18.162,29.721805555555555
2000-02-16,0,19.1748,27.843394736842104
2000-02-17,0,18.1692,25.929222222222226
2000-02-18,0,21.201600000000003,21.84457142857143
2000-02-19,0,20.196,26.71261875
2000-02-20,0,18.18,26.44201388888889
2000-02-21,0,19.1938,26.96025657894737
2000-02-22,0,19.197599999999998,27.069552631578947
2000-02-23,0,21.2226,24.686279761904768
2000-02-24,0,20.215999999999998,23.859975
2000-02-25,0,21.230999999999998,26.130803571428572
2000-02-26,0,19.2128,28.991
2000-02-27,0,19.2166,26.079236842105264
2000-02-28,0,19.2204,26.506578947368418
2000-02-29,0,18.212400000000002,27.982638888888886
2000-03-01,0,20.240000000000002,25.439375000000002
2000-03-02,0,19.2318,26.675546052631578
2000-03-03,0,21.2604,26.249488095238092
2000-03-04,0,18.226799999999997,27.38060416666667
2000-03-05,0,19.243199999999998,24.085894736842107
2000-03-06,0,21.272999999999996,25.875208333333333
2000-03-07,0,21.2772,26.262511904761908
2000-03-08,0,21.2814,25.49748214285714
2000-03-09,0,21.285600000000002,24.876333333333335
2000-03-10,0,19.2622,27.816815789473686
2000-03-11,0,20.28,24.7648125
2000-03-12,0,20.284,26.886518749999997
2000-03-13,0,18.2592,26.45822222222222
2000-03-14,0,20.291999999999998,25.177668750000002
2000-03-15,0,18.266399999999997,27.922583333333336
2000-03-16,0,18.27,28.206423611111106
2000-03-17,0,18.273600000000002,28.714666666666666
2000-03-18,0,20.308,24.7358125
2000-03-19,0,18.2808,30.460791666666665
2000-03-20,0,19.3002,25.672085526315794
2000-03-21,0,19.304000000000002,24.399473684210527
2000-03-22,0,18.2916,28.339618055555555
2000-03-23,0,19.3116,28.340171052631582
2000-03-24,0,18.2988,26.101354166666667
2000-03-25,0,21.3528,26.22488095238095
2000-03-26,0,21.357,24.976875000000003
2000-03-27,0,21.361200000000004,26.375761904761905
2000-03-28,0,18.313200000000002,28.07986111111111
2000-03-29,0,19.334400000000002,26.12636842105263
2000-03-30,0,21.3738,22.29289880952381
2000-03-31,0,21.378,23.403214285714284
2000-04-01,0,20.364,22.857075
2000-04-02,0,20.368,24.680600000000002
2000-04-03,0,19.3534,24.279
2000-04-04,0,21.3948,24.08928571428571
2000-04-05,0,18.342,29.007083333333338
2000-04-06,0,19.364800000000002,29.294736842105262
2000-04-07,0,21.407400000000003,25.158535714285712
2000-04-08,0,19.372400000000003,27.91678947368421
2000-04-09,0,19.3762,28.932611842105263
2000-04-10,0,21.42,26.083928571428572
2000-04-11,0,18.363599999999998,28.91606944444445
2000-04-12,0,20.408,26.2808625
2000-04-13,0,18.3708,29.936083333333332
2000-04-14,0,18.374399999999998,26.394277777777777
2000-04-15,0,19.398999999999997,26.50121710526316
2000-04-16,0,20.424000000000003,25.1286
2000-04-17,0,19.4066,24.000986842105263
2000-04-18,0,19.410400000000003,25.81757894736842
2000-04-19,0,19.4142,24.326999999999998
2000-04-20,0,20.44,26.4081875
2000-04-21,0,21.4662,23.126005952380954
2000-04-22,0,20.448,23.1192
2000-04-23,0,19.429399999999998,27.381375
2000-04-24,0,19.4332,28.132092105263162
2000-04-25,0,20.459999999999997,26.931656250000003
2000-04-26,0,21.4872,23.62335714285714
2000-04-27,0,18.421200000000002,26.54935416666667
2000-04-28,0,18.4248,28.07475
2000-04-29,0,19.4522,24.944559210526315
2000-04-30,0,21.504,26.148333333333333
2000-05-01,0,21.5082,25.813178571428573
2000-05-02,0,19.4636,28.90790789473684
2000-05-03,0,19.467399999999998,29.285552631578945
2000-05-04,0,20.496,23.3565
2000-05-05,0,18.45,26.349826388888886
2000-05-06,0,18.453599999999998,26.691652777777776
2000-05-07,0,18.4572,26.6385
2000-05-08,0,20.512,24.1808
2000-05-09,0,18.4644,30.709555555555553
2000-05-10,0,18.468,28.003333333333337
2000-05-11,0,20.524,25.307737499999998
2000-05-12,0,19.5016,27.9805
2000-05-13,0,19.505399999999998,28.4655
2000-05-14,0,19.5092,27.39873684210526
2000-05-15,0,20.54,24.45584375
2000-05-16,0,19.516799999999996,28.743631578947365
2000-05-17,0,20.548000000000002,25.529837500000003
2000-05-18,0,20.552,23.040712499999998
2000-05-19,0,18.5004,30.74733333333333
2000-05-20,0,19.532,25.33039473684211
2000-05-21,0,18.5076,26.62785416666667
2000-05-22,0,20.567999999999998,24.527775
2000-05-23,0,21.6006,23.21724404761905
2000-05-24,0,21.604799999999997,22.10514285714286
2000-05-25,0,21.608999999999998,24.82285714285714
2000-05-26,0,20.583999999999996,27.594575000000003
2000-05-27,0,21.617400000000004,25.895821428571427
2000-05-28,0,20.592000000000002,27.754125
2000-05-29,0,21.6258,22.991821428571427
2000-05-30,0,18.54,27.44965277777778
2000-05-31,0,20.604,24.656775
2000-06-01,0,18.5472,29.72083333333333
2000-06-02,0,21.642599999999998,23.39134523809524
2000-06-03,0,18.554399999999998,25.990875
2000-06-04,0,19.589,24.464999999999996
2000-06-05,0,19.592799999999997,27.848447368421052
2000-06-06,0,18.5652,30.475458333333332
2000-06-07,0,20.632,24.575975
2000-06-08,0,21.6678,22.631511904761908
2000-06-09,0,18.576,27.71
2000-06-10,0,20.644,23.25885
2000-06-11,0,20.648,26.2714375
2000-06-12,0,19.6194,26.476046052631578
2000-06-13,0,20.656,27.757599999999996
2000-06-14,0,19.627,29.00723684210526
2000-06-15,0,20.663999999999998,25.314600000000002
2000-06-16,0,18.601200000000002,31.07997222222222
2000-06-17,0,19.6384,26.008631578947366
2000-06-18,0,19.642200000000003,27.409144736842105
2000-06-19,0,21.714000000000002,22.613392857142856
2000-06-20,0,19.6498,26.878289473684205
2000-06-21,0,20.688,24.20955
2000-06-22,0,21.726599999999998,24.762244047619046
2000-06-23,0,21.7308,24.86258333333333
2000-06-24,0,21.735,23.211160714285718
2000-06-25,0,19.668799999999997,27.970526315789474
2000-06-26,0,21.7434,23.02214880952381
2000-06-27,0,18.640800000000002,26.692083333333336
2000-06-28,0,21.751800000000003,23.076464285714287
2000-06-29,0,19.684,26.692631578947367
2000-06-30,0,18.651600000000002,29.31525
2000-07-01,0,21.7644,23.912869047619047
2000-07-02,0,20.732,24.958149999999996
2000-07-03,0,18.662399999999998,29.951166666666666
2000-07-04,0,20.74,25.885062500000004
2000-07-05,0,19.706799999999998,28.974131578947368
2000-07-06,0,18.6732,25.811791666666664
2000-07-07,0,21.7896,23.345547619047622
2000-07-08,0,19.7182,24.45925
2000-07-09,0,18.684,29.631874999999997
2000-07-10,0,19.7258,28.830164473684214
2000-07-11,0,19.7296,26.40842105263158
2000-07-12,0,18.6948,25.603125
2000-07-13,0,21.814799999999998,23.80161904761905
2000-07-14,0,19.741,28.6825
2000-07-15,0,21.823199999999996,22.1975
2000-07-16,0,20.788000000000004,25.205775
2000-07-17,0,20.792,27.258350000000004
2000-07-18,0,19.7562,26.161282894736843
2000-07-19,0,19.76,25.139473684210525
2000-07-20,0,21.8442,25.77457142857143
2000-07-21,0,20.808,23.170650000000002
2000-07-22,0,20.811999999999998,24.608999999999998
2000-07-23,0,21.8568,25.44216666666667
2000-07-24,0,19.779,26.612269736842105
2000-07-25,0,20.823999999999998,24.002549999999996
2000-07-26,0,18.7452,28.838486111111113
2000-07-27,0,19.7904,25.758
2000-07-28,0,21.8778,23.40542261904762
2000-07-29,0,18.756,28.33590277777778
2000-07-30,0,18.7596,30.107
2000-07-31,0,18.7632,25.662499999999998
2000-08-01,0,20.852,26.178937499999996
2000-08-02,0,20.855999999999998,23.4099
2000-08-03,0,21.903,26.307559523809523
2000-08-04,0,21.9072,22.007142857142853
2000-08-05,0,18.781200000000002,27.789437500000002
2000-08-06,0,20.872,25.2189875
2000-08-07,0,19.8322,29.57758552631579
2000-08-08,0,19.836000000000002,25.417105263157897
2000-08-09,0,19.8398,27.367276315789475
2000-08-10,0,20.887999999999998,27.235374999999998
2000-08-11,0,21.9366,23.641125000000002
2000-08-12,0,18.8064,29.069555555555556
2000-08-13,0,19.854999999999997,29.49095394736842
2000-08-14,0,21.949199999999998,24.38421428571429
2000-08-15,0,21.953400000000002,23.603654761904764
2000-08-16,0,21.957600000000003,22.137238095238096
2000-08-17,0,18.8244,28.915791666666664
2000-08-18,0,21.966,23.514285714285716
2000-08-19,0,21.970200000000002,23.566136904761905
2000-08-20,0,18.8352,30.069666666666663
2000-08-21,0,20.932,25.11065
2000-08-22,0,18.842399999999998,28.361555555555558
2000-08-23,0,18.846,28.708125
2000-08-24,0,19.8968,27.57976315789474
2000-08-25,0,18.8532,29.744722222222222
2000-08-26,0,18.8568,28.146499999999996
2000-08-27,0,20.956000000000003,25.489406250000002
2000-08-28,0,19.912,26.99684210526316
2000-08-29,0,18.8676,30.674833333333332
2000-08-30,0,18.8712,30.16343055555556
2000-08-31,0,20.972,26.22304375
2000-09-01,0,18.8784,30.857749999999996
2000-09-02,0,18.881999999999998,28.742986111111108
2000-09-03,0,19.9348,27.17925
2000-09-04,0,20.988,28.19443125
2000-09-05,0,22.041600000000003,23.074761904761903
2000-09-06,0,19.9462,27.677565789473686
2000-09-07,0,21.0,27.740624999999998
2000-09-08,0,19.9538,27.62999342105263
2000-09-09,0,18.9072,29.626972222222225
2000-09-10,0,22.0626,22.794
2000-09-11,0,19.9652,29.757842105263155
2000-09-12,0,18.918,27.05805555555556
2000-09-13,0,21.023999999999997,25.542
2000-09-14,0,21.028000000000002,24.925818749999998
2000-09-15,0,18.928800000000003,27.239930555555553
2000-09-16,0,19.9842,25.64636842105263
2000-09-17,0,18.936,31.433888888888887
2000-09-18,0,19.9918,26.902598684210524
2000-09-19,0,22.1004,25.13025
2000-09-20,0,21.052,24.42749375
2000-09-21,0,22.1088,24.30009523809524
2000-09-22,0,18.954,27.836979166666666
2000-09-23,0,22.117199999999997,26.126464285714285
2000-09-24,0,18.961199999999998,27.72889583333333
2000-09-25,0,21.072000000000003,26.922675
2000-09-26,0,21.076,25.37549375
2000-09-27,0,20.026,25.95256578947368
2000-09-28,0,18.9756,28.201812500000003
2000-09-29,0,20.0336,28.679894736842105
2000-09-30,0,20.037399999999998,27.921374999999998
2000-10-01,0,18.9864,31.60208333333334
2000-10-02,0,20.044999999999998,25.260526315789477
2000-10-03,0,21.104,27.569425
2000-10-04,0,18.9972,26.670333333333332
2000-10-05,0,22.1676,22.86304761904762
2000-10-06,0,21.116,26.44105625
2000-10-07,0,19.008000000000003,28.06
2000-10-08,0,21.124000000000002,24.7394875
2000-10-09,0,22.1844,24.106535714285712
2000-10-10,0,20.0754,28.990499999999997
2000-10-11,0,21.136,25.473300000000005
2000-10-12,0,19.026,27.846805555555555
2000-10-13,0,21.144,27.55095
2000-10-14,0,19.033199999999997,28.083722222222224
2000-10-15,0,22.209600000000002,26.590666666666667
2000-10-16,0,21.156000000000002,24.452550000000002
2000-10-17,0,19.044,31.605624999999996
2000-10-18,0,21.164,26.8421125
2000-10-19,0,21.168,27.778200000000002
2000-10-20,0,22.2306,23.398107142857143
2000-10-21,0,21.176,27.733062500000003
2000-10-22,0,20.121,27.286184210526315
2000-10-23,0,20.124799999999997,29.745526315789473
2000-10-24,0,22.2474,26.71831547619048
2000-10-25,0,21.192,28.00575
2000-10-26,0,20.136200000000002,28.44591447368421
2000-10-27,0,20.14,28.340131578947368
2000-10-28,0,20.1438,25.066835526315792
2000-10-29,0,20.1476,25.506802631578946
2000-10-30,0,21.212,28.5415625
2000-10-31,0,21.216,26.9361
2000-11-01,0,20.159,27.865460526315786
2000-11-02,0,20.162799999999997,24.64477631578947
2000-11-03,0,20.1666,26.99775
2000-11-04,0,20.1704,28.75005263157895
2000-11-05,0,20.174200000000003,29.792138157894737
2000-11-06,0,20.178,25.312697368421055
2000-11-07,0,22.3062,22.410017857142858
2000-11-08,0,20.1856,29.638842105263155
2000-11-09,0,22.3146,26.522428571428573
2000-11-10,0,22.3188,26.27817857142857
2000-11-11,0,22.323,24.301577380952377
2000-11-12,0,19.1376,31.589250000000003
2000-11-13,0,20.2046,29.984973684210527
2000-11-14,0,20.2084,25.774855263157896
2000-11-15,0,22.3398,22.976285714285716
2000-11-16,0,22.344,23.375238095238096
2000-11-17,0,22.348200000000002,26.151714285714284
2000-11-18,0,21.288,23.613674999999997
2000-11-19,0,20.2274,26.556940789473686
2000-11-20,0,20.2312,28.914947368421053
2000-11-21,0,20.235,29.411348684210523
2000-11-22,0,22.3692,26.51434523809524
2000-11-23,0,22.373399999999997,23.741863095238095
2000-11-24,0,20.2464,25.860631578947366
2000-11-25,0,22.381800000000002,23.40052380952381
2000-11-26,0,19.188000000000002,29.617777777777775
2000-11-27,0,22.3902,24.74505357142857
2000-11-28,0,20.2616,27.298263157894738
2000-11-29,0,20.2654,27.68529605263158
2000-11-30,0,19.2024,30.963124999999998
2000-12-01,0,20.273,28.185460526315794
2000-12-02,0,22.411199999999997,24.908761904761906
2000-12-03,0,20.2806,28.466467105263156
2000-12-04,0,21.352000000000004,28.036524999999997
2000-12-05,0,21.356,25.538187500000003
2000-12-06,0,21.36,24.91575
2000-12-07,0,20.2958,28.42525
2000-12-08,0,19.2312,28.15425
2000-12-09,0,22.4406,26.32017857142857
2000-12-10,0,22.4448,23.740666666666666
2000-12-11,0,20.311,29.372203947368423
2000-12-12,0,20.314799999999998,26.959776315789473
2000-12-13,0,22.4574,26.929011904761904
2000-12-14,0,21.391999999999996,28.278850000000006
2000-12-15,0,20.3262,29.44121052631579
2000-12-16,0,21.400000000000002,27.2940625
2000-12-17,0,22.4742,23.86
2000-12-18,0,22.4784,26.746285714285715
2000-12-19,0,22.4826,22.572988095238095
2000-12-20,0,19.2744,26.802416666666666
2000-12-21,0,20.349,26.274276315789475
2000-12-22,0,21.424,27.052549999999997
2000-12-23,0,21.427999999999997,28.674956249999997
2000-12-24,0,19.288800000000002,26.641125000000002
2000-12-25,0,20.3642,27.771677631578946
2000-12-26,0,77.184,6.995694444444444
2000-12-27,0,78.2706,6.571402397260274
2000-12-28,0,79.3576,7.528625
2000-12-29,0,96.534,5.319797222222221
2000-12-30,0,75.096,7.333435714285715
2000-12-31,0,78.329,7.792054794520547
2001-01-01,0,88.0024,6.248993902439024
2001-01-02,0,76.2114,7.998734154929578
2001-01-03,0,80.52,7.40568
2001-01-04,0,92.3468,6.495706395348837
2001-01-05,0,89.14200000000001,5.735466867469879
2001-01-06,0,90.2328,6.676869047619048
2001-01-07,0,91.324,6.168194117647059
2001-01-08,0,73.0728,7.942036764705882
2001-01-09,0,91.358,6.625311764705883
2001-01-10,0,75.25,7.043973214285715
2001-01-11,0,76.33919999999999,7.446971830985915
2001-01-12,0,95.71059999999999,5.635650280898877
2001-01-13,0,90.35040000000001,6.782190476190476
2001-01-14,0,93.59460000000001,5.947163793103448
2001-01-15,0,73.168,7.0552205882352945
2001-01-16,0,90.4008,6.0737306547619045
2001-01-17,0,88.26480000000001,5.78817987804878
2001-01-18,0,86.128,6.929073437499999
2001-01-19,0,86.144,6.9299
2001-01-20,0,98.00699999999999,5.839553571428571
2001-01-21,0,76.4812,6.658602112676055
2001-01-22,0,85.1146,7.152837025316456
2001-01-23,0,76.50959999999999,7.398570422535211
2001-01-24,0,86.224,6.55390625
2001-01-25,0,19.404,31.11291666666667
2001-01-26,0,22.642200000000003,23.574714285714283
2001-01-27,0,19.4112,29.838222222222218
2001-01-28,0,22.6506,24.329708333333336
2001-01-29,0,19.4184,31.011166666666668
2001-01-30,0,20.500999999999998,27.946513157894735
2001-01-31,0,22.6632,25.537833333333335
2001-02-01,0,19.429199999999998,31.1971875
2001-02-02,0,19.4328,28.576527777777777
2001-02-03,0,21.596000000000004,27.716700000000003
2001-02-04,0,20.520000000000003,25.476315789473684
2001-02-05,0,19.4436,30.278604166666664
2001-02-06,0,20.5276,29.62810526315789
2001-02-07,0,22.6926,23.40835714285714
2001-02-08,0,21.616,25.94735
2001-02-09,0,21.619999999999997,25.582718749999998
2001-02-10,0,21.624,28.422787500000002
2001-02-11,0,22.7094,24.820666666666668
2001-02-12,0,20.550399999999996,28.65357894736842
2001-02-13,0,19.4724,27.387645833333337
2001-02-14,0,22.722,25.280059523809523
2001-02-15,0,19.4796,29.847368055555556
2001-02-16,0,21.648,25.6566
2001-02-17,0,19.4868,30.613972222222223
2001-02-18,0,19.4904,30.792902777777776
2001-02-19,0,21.66,26.717624999999995
2001-02-20,0,22.7472,23.294285714285714
2001-02-21,0,22.751399999999997,23.04654761904762
2001-02-22,0,21.671999999999997,24.517425
2001-02-23,0,21.676000000000002,25.20438125
2001-02-24,0,22.764000000000003,27.264761904761905
2001-02-25,0,21.684,23.894587499999997
2001-02-26,0,22.7724,26.118226190476193
2001-02-27,0,22.776600000000002,24.015577380952383
2001-02-28,0,20.6112,29.87194736842105
2001-03-01,0,21.7,27.749843750000004
2001-03-02,0,22.789199999999997,25.57892857142857
2001-03-03,0,20.6226,28.829210526315787
2001-03-04,0,22.7976,27.59166666666667
2001-03-05,0,22.801800000000004,26.190107142857144
2001-03-06,0,19.548000000000002,28.978125
2001-03-07,0,21.724,26.768424999999997
2001-03-08,0,21.728,24.6109
2001-03-09,0,21.732,27.24913125
2001-03-10,0,19.5624,28.46475
2001-03-11,0,19.566,30.342569444444447
2001-03-12,0,22.8312,25.40842857142857
2001-03-13,0,22.8354,26.214964285714284
2001-03-14,0,21.752,28.794675
2001-03-15,0,22.8438,27.476982142857143
2001-03-16,0,19.584000000000003,31.943055555555553
2001-03-17,0,20.675800000000002,29.71009868421053
2001-03-18,0,19.5912,31.1885
2001-03-19,0,21.772,25.6456125
2001-03-20,0,20.6872,26.276394736842107
2001-03-21,0,21.78,28.1851875
2001-03-22,0,22.873199999999997,23.880059523809525
2001-03-23,0,19.609199999999998,29.799138888888884
2001-03-24,0,19.6128,27.28
2001-03-25,0,19.616400000000002,28.163333333333334
2001-03-26,0,20.71,25.01644736842105
2001-03-27,0,22.8942,24.346928571428574
2001-03-28,0,19.627200000000002,31.28413888888889
2001-03-29,0,22.9026,26.66720238095238
2001-03-30,0,21.816,28.479412500000002
2001-03-31,0,21.82,27.584437500000003
2001-04-01,0,19.6416,31.47511111111111
2001-04-02,0,22.9194,25.924732142857145
2001-04-03,0,19.648799999999998,30.95393055555556
2001-04-04,0,19.6524,29.782729166666666
2001-04-05,0,19.656000000000002,28.67
2001-04-06,0,19.6596,29.49598611111111
2001-04-07,0,22.9404,25.688214285714285
2001-04-08,0,21.852,25.65346875
2001-04-09,0,22.9488,25.089714285714287
2001-04-10,0,21.86,27.722875
2001-04-11,0,21.863999999999997,26.773725
2001-04-12,0,21.868,23.866356250000003
2001-04-13,0,19.6848,30.6965
2001-04-14,0,19.688399999999998,26.936124999999997
2001-04-15,0,20.786,28.753421052631584
2001-04-16,0,20.7898,27.586480263157895
2001-04-17,0,21.888,24.039299999999997
2001-04-18,0,22.9866,26.225952380952386
2001-04-19,0,20.8012,28.82275
2001-04-20,0,20.805,29.049177631578946
2001-04-21,0,22.9992,24.51985714285714
2001-04-22,0,23.0034,24.674125
2001-04-23,0,21.912,25.4869875
2001-04-24,0,23.0118,26.648285714285713
2001-04-25,0,21.92,27.136000000000003
2001-04-26,0,19.7316,31.391479166666667
2001-04-27,0,23.0244,26.152833333333334
2001-04-28,0,21.932000000000002,27.4637125
2001-04-29,0,19.7424,30.165333333333333
2001-04-30,0,19.746,30.40458333333333
2001-05-01,0,21.944,27.2082375
2001-05-02,0,19.7532,27.111250000000002
2001-05-03,0,19.7568,27.0555
2001-05-04,0,19.760399999999997,31.06738194444445
2001-05-05,0,23.058000000000003,27.238750000000003
2001-05-06,0,19.7676,31.84125
2001-05-07,0,20.869600000000002,30.392421052631583
2001-05-08,0,19.7748,29.076729166666667
2001-05-09,0,20.8772,25.482
2001-05-10,0,19.782,30.08645833333333
2001-05-11,0,23.083199999999998,26.954571428571427
2001-05-12,0,20.8886,27.503447368421053
2001-05-13,0,23.0916,23.9765
2001-05-14,0,19.796400000000002,29.097270833333337
2001-05-15,0,22.0,25.021875
2001-05-16,0,20.9038,25.726710526315788
2001-05-17,0,22.008000000000003,25.559137500000002
2001-05-18,0,22.012,28.21933125
2001-05-19,0,22.016,25.35255
2001-05-20,0,23.121,23.034375000000004
2001-05-21,0,23.1252,27.441976190476193
2001-05-22,0,23.129399999999997,23.39425
2001-05-23,0,20.9304,27.76294736842105
2001-05-24,0,19.8324,30.195131944444444
2001-05-25,0,23.142000000000003,24.41559523809524
2001-05-26,0,20.9418,30.62840131578947
2001-05-27,0,20.945600000000002,30.408
2001-05-28,0,19.8468,31.569041666666667
2001-05-29,0,23.1588,26.2515
2001-05-30,0,23.163,27.62306547619048
2001-05-31,0,22.064,24.323825000000003
2001-06-01,0,20.964599999999997,25.494967105263154
2001-06-02,0,19.8648,31.824194444444448
2001-06-03,0,23.179800000000004,23.93433333333333
2001-06-04,0,20.976000000000003,29.483684210526317
2001-06-05,0,22.084000000000003,24.657643750000002
2001-06-06,0,19.8792,27.163875
2001-06-07,0,19.8828,31.842875
2001-06-08,0,22.096,29.1947
2001-06-09,0,23.205,23.291517857142857
2001-06-10,0,20.9988,25.80236842105263
2001-06-11,0,23.2134,22.89093452380952
2001-06-12,0,22.112,25.317500000000003
2001-06-13,0,21.010199999999998,26.877572368421053
2001-06-14,0,21.014000000000003,29.013223684210523
2001-06-15,0,19.9116,30.213958333333334
2001-06-16,0,19.915200000000002,31.165499999999998
2001-06-17,0,21.0254,29.697085526315785
2001-06-18,0,22.136,27.6821625
2001-06-19,0,22.14,25.33828125
2001-06-20,0,22.144,27.101799999999997
2001-06-21,0,22.148,24.170381250000002
2001-06-22,0,21.0444,29.152776315789474
2001-06-23,0,21.0482,26.90908552631579
2001-06-24,0,21.052000000000003,25.900921052631578
2001-06-25,0,22.164,26.05005
2001-06-26,0,19.9512,29.363125
2001-06-27,0,23.2806,25.628999999999998
2001-06-28,0,23.2848,25.479428571428574
2001-06-29,0,19.962,29.9075
2001-06-30,0,19.9656,30.80120833333333
2001-07-01,0,19.9692,31.39835416666667
2001-07-02,0,23.301599999999997,27.57747619047619
2001-07-03,0,21.086199999999998,30.933881578947364
2001-07-04,0,22.200000000000003,27.680625
2001-07-05,0,22.204,28.859625
2001-07-06,0,23.3184,24.434285714285714
2001-07-07,0,23.3226,24.233500000000003
2001-07-08,0,23.3268,23.37075
2001-07-09,0,19.998,29.823680555555555
2001-07-10,0,22.224,27.70005
2001-07-11,0,23.339399999999998,24.75417857142857
2001-07-12,0,21.1204,29.277368421052632
2001-07-13,0,23.3478,27.154446428571426
2001-07-14,0,23.352000000000004,25.57809523809524
2001-07-15,0,23.3562,25.37725
2001-07-16,0,22.248,25.5254625
2001-07-17,0,23.3646,23.191458333333337
2001-07-18,0,22.256,25.103225
2001-07-19,0,20.034,29.4421875
2001-07-20,0,22.264,27.089975000000003
2001-07-21,0,21.1546,27.955473684210528
2001-07-22,0,21.1584,29.480684210526316
2001-07-23,0,21.1622,30.949875
2001-07-24,0,20.052000000000003,28.685694444444447
2001-07-25,0,20.055600000000002,27.3200625
2001-07-26,0,21.1736,30.396763157894735
2001-07-27,0,21.177400000000002,27.52384210526316
2001-07-28,0,21.1812,26.342486842105263
2001-07-29,0,22.3,27.439999999999998
2001-07-30,0,20.0736,28.646222222222224
2001-07-31,0,23.423399999999997,26.496803571428572
2001-08-01,0,22.311999999999998,25.5731625
2001-08-02,0,23.4318,23.132660714285716
2001-08-03,0,23.436000000000003,25.637857142857143
2001-08-04,0,22.324,24.1340625
2001-08-05,0,23.4444,27.789333333333335
2001-08-06,0,20.0988,31.351791666666667
2001-08-07,0,21.2192,26.147315789473684
2001-08-08,0,20.106,27.841631944444444
2001-08-09,0,20.1096,30.706875
2001-08-10,0,23.4654,26.016565476190475
2001-08-11,0,23.4696,24.588261904761904
2001-08-12,0,23.473799999999997,25.613625000000003
2001-08-13,0,22.36,26.8974375
2001-08-14,0,22.364,27.598587499999997
2001-08-15,0,20.1312,27.80466666666667
2001-08-16,0,23.4906,26.64852976190476
2001-08-17,0,20.1384,29.303152777777775
2001-08-18,0,20.142,30.082500000000003
2001-08-19,0,21.2648,28.672184210526318
2001-08-20,0,23.5074,23.64175
2001-08-21,0,20.1528,28.06291666666667
2001-08-22,0,21.2762,27.77703289473684
2001-08-23,0,21.28,26.705263157894734
2001-08-24,0,22.404000000000003,27.576956249999995
2001-08-25,0,22.408,25.3759
2001-08-26,0,20.1708,31.30536111111111
2001-08-27,0,22.416,25.112925
2001-08-28,0,23.541,23.20276785714286
2001-08-29,0,22.424,25.7642125
2001-08-30,0,21.3066,26.896874999999998
2001-08-31,0,22.432,24.748
2001-09-01,0,23.557799999999997,28.13298214285714
2001-09-02,0,23.561999999999998,27.82875
2001-09-03,0,21.321800000000003,26.626118421052634
2001-09-04,0,20.203200000000002,29.90277777777778
2001-09-05,0,22.452,26.3773125
2001-09-06,0,20.2104,32.601597222222225
2001-09-07,0,23.583,25.588601190476194
2001-09-08,0,21.340799999999998,27.265105263157892
2001-09-09,0,23.5914,25.389375000000005
2001-09-10,0,22.471999999999998,24.7228875
2001-09-11,0,23.5998,26.113517857142856
2001-09-12,0,23.604000000000003,25.60345238095238
2001-09-13,0,23.608200000000004,26.58141666666667
2001-09-14,0,21.3636,29.099249999999998
2001-09-15,0,23.616600000000002,27.973422619047618
2001-09-16,0,21.3712,27.460631578947368
2001-09-17,0,20.25,31.924479166666668
2001-09-18,0,23.6292,27.264321428571424
2001-09-19,0,21.3826,26.108026315789473
2001-09-20,0,21.3864,26.22457894736842
2001-09-21,0,22.516,28.5835625
2001-09-22,0,22.519999999999996,29.503812500000006
2001-09-23,0,21.3978,30.43563157894737
2001-09-24,0,23.654400000000003,23.99490476190476
2001-09-25,0,22.532,25.629218749999996
2001-09-26,0,22.536,28.977862500000004
2001-09-27,0,20.286,29.862708333333334
2001-09-28,0,21.4168,29.430578947368417
2001-09-29,0,20.2932,30.82929166666667
2001-09-30,0,23.679599999999997,24.525750000000002
2001-10-01,0,22.555999999999997,25.269074999999997
2001-10-02,0,22.560000000000002,25.488000000000003
2001-10-03,0,23.692200000000003,23.711315476190478
2001-10-04,0,21.439600000000002,30.64498684210526
2001-10-05,0,22.572000000000003,29.548256250000005
2001-10-06,0,21.447200000000002,27.865526315789474
2001-10-07,0,23.709,23.722291666666667
2001-10-08,0,21.4548,29.635302631578952
2001-10-09,0,20.3292,29.964256944444443
2001-10-10,0,20.3328,27.26522222222222
2001-10-11,0,20.336399999999998,30.271500000000003
2001-10-12,0,20.339999999999996,30.275000000000002
2001-10-13,0,22.604000000000003,29.359331249999997
2001-10-14,0,22.608,25.793775
2001-10-15,0,20.3508,30.105229166666668
2001-10-16,0,23.7468,25.910488095238094
2001-10-17,0,22.62,26.23546875
2001-10-18,0,23.7552,24.83447619047619
2001-10-19,0,23.7594,24.06439880952381
2001-10-20,0,22.631999999999998,29.5995375
2001-10-21,0,23.767799999999998,24.997708333333335
2001-10-22,0,23.772000000000002,24.742857142857144
2001-10-23,0,21.5118,29.515776315789473
2001-10-24,0,20.383200000000002,30.497458333333338
2001-10-25,0,23.7846,23.82325
2001-10-26,0,20.3904,30.26383333333333
2001-10-27,0,21.527,27.933223684210525
2001-10-28,0,23.7972,28.370833333333334
2001-10-29,0,20.4012,27.68625
2001-10-30,0,20.404799999999998,27.147694444444443
2001-10-31,0,22.676,27.03644375
2001-11-01,0,20.412,27.33458333333333
2001-11-02,0,23.8182,23.94847619047619
2001-11-03,0,20.4192,28.244222222222227
2001-11-04,0,22.692,27.428362500000002
2001-11-05,0,20.4264,32.76844444444444
2001-11-06,0,20.43,30.9046875
2001-11-07,0,20.4336,28.799500000000002
2001-11-08,0,22.708,26.41061875
2001-11-09,0,20.4408,28.86640277777778
2001-11-10,0,20.444399999999998,32.84760416666667
2001-11-11,0,21.584000000000003,26.896578947368422
2001-11-12,0,21.5878,25.871664473684213
2001-11-13,0,23.864400000000003,23.668785714285715
2001-11-14,0,22.732,29.793543749999998
2001-11-15,0,20.462400000000002,29.851249999999997
2001-11-16,0,21.603,26.912072368421054
2001-11-17,0,20.4696,33.115375
2001-11-18,0,22.747999999999998,29.047156249999997
2001-11-19,0,20.476799999999997,29.503000000000004
2001-11-20,0,20.4804,30.773541666666667
2001-11-21,0,22.759999999999998,25.092375
2001-11-22,0,20.487599999999997,31.92735416666667
2001-11-23,0,20.491200000000003,32.89680555555556
2001-11-24,0,23.910600000000002,27.113880952380953
2001-11-25,0,20.4984,32.421375
2001-11-26,0,22.78,24.454687500000002
2001-11-27,0,22.784,26.3054
2001-11-28,0,21.6486,26.892039473684207
2001-11-29,0,23.9316,24.48901190476191
2001-11-30,0,22.796,28.108643750000002
2001-12-01,0,23.94,23.666071428571428
2001-12-02,0,21.663800000000002,29.537605263157896
2001-12-03,0,20.5272,32.99508333333333
2001-12-04,0,20.5308,32.2131875
2001-12-05,0,21.6752,30.52126315789474
2001-12-06,0,20.538,29.621180555555554
2001-12-07,0,21.6828,28.065394736842105
2001-12-08,0,23.9694,24.46252380952381
2001-12-09,0,21.6904,26.639605263157893
2001-12-10,0,20.5524,31.932999999999996
2001-12-11,0,21.697999999999997,27.619868421052633
2001-12-12,0,20.559599999999996,28.61321527777778
2001-12-13,0,20.563200000000002,28.314
2001-12-14,0,23.994600000000002,23.338392857142853
2001-12-15,0,23.9988,26.712559523809528
2001-12-16,0,20.574,29.413125
2001-12-17,0,24.0072,27.963833333333334
2001-12-18,0,24.0114,26.77364285714286
2001-12-19,0,20.584799999999998,33.237375
2001-12-20,0,20.5884,27.670715277777777
2001-12-21,0,78.93599999999999,7.187681159420291
2001-12-22,0,97.257,6.5920499999999995
2001-12-23,0,81.25240000000001,7.324637323943662
2001-12-24,0,100.7248,5.8979375
2001-12-25,0,96.1632,6.7766785714285716
2001-12-26,0,82.44,8.209982638888889
2001-12-27,0,103.068,5.550705555555554
2001-12-28,0,100.7952,5.975019886363637
2001-12-29,0,77.9008,7.957882352941176
2001-12-30,0,98.5388,5.848937499999999
2001-12-31,0,88.24199999999999,6.632532467532467
2002-01-01,0,84.8188,8.052577702702703
2002-01-02,0,104.3224,5.949274725274725
2002-01-03,0,82.5552,7.823312500000001
2002-01-04,0,86.01,6.841633333333333
2002-01-05,0,87.172,6.80985197368421
2002-01-06,0,90.6288,7.215493670886076
2002-01-07,0,86.05499999999999,7.018723333333334
2002-01-08,0,78.0368,7.38875
2002-01-09,0,98.71079999999999,6.058870639534884
2002-01-10,0,84.952,7.05695945945946
2002-01-11,0,83.8186,6.959871575342466
2002-01-12,0,104.5044,6.520475274725276
2002-01-13,0,84.99640000000001,6.69016722972973
2002-01-14,0,78.11840000000001,7.233088235294117
2002-01-15,0,98.81400000000001,6.152005813953488
2002-01-16,0,96.5328,6.923916666666667
2002-01-17,0,83.9062,7.443936643835617
2002-01-18,0,94.2672,6.01425
2002-01-19,0,86.235,7.013781666666667
2002-01-20,0,23.0,29.859375
2002-01-21,0,21.8538,26.137855263157892
2002-01-22,0,20.7072,30.02422222222222
2002-01-23,0,21.8614,27.23795394736842
2002-01-24,0,24.166800000000002,25.21985714285714
2002-01-25,0,24.171,23.503005952380953
2002-01-26,0,20.7216,32.47016666666667
2002-01-27,0,21.8766,28.805921052631575
2002-01-28,0,20.7288,30.40972222222222
2002-01-29,0,23.035999999999998,30.05431875
2002-01-30,0,21.887999999999998,26.625789473684208
2002-01-31,0,24.1962,25.91795833333333
2002-02-01,0,20.7432,29.389208333333332
2002-02-02,0,24.204600000000003,27.01925
2002-02-03,0,21.903200000000002,31.654184210526314
2002-02-04,0,20.754,28.912326388888893
2002-02-05,0,24.2172,25.82839285714286
2002-02-06,0,24.2214,27.13595238095238
2002-02-07,0,21.9184,26.823157894736845
2002-02-08,0,21.9222,27.633888157894734
2002-02-09,0,21.926,31.15657894736842
2002-02-10,0,20.775599999999997,29.78485416666667
2002-02-11,0,20.779200000000003,29.544583333333332
2002-02-12,0,20.7828,32.41136111111111
2002-02-13,0,21.941200000000002,28.573223684210532
2002-02-14,0,24.255,26.063839285714288
2002-02-15,0,24.2592,24.134
2002-02-16,0,23.108,24.959593749999996
2002-02-17,0,24.267599999999998,28.633000000000003
2002-02-18,0,24.2718,26.96407142857143
2002-02-19,0,24.276,26.339999999999996
2002-02-20,0,21.967800000000004,27.902782894736845
2002-02-21,0,24.2844,26.032357142857144
2002-02-22,0,23.132,29.313262499999997
2002-02-23,0,24.2928,24.103714285714286
2002-02-24,0,23.14,28.112000000000002
2002-02-25,0,23.144,26.357999999999997
2002-02-26,0,21.9906,28.095276315789476
2002-02-27,0,23.152,28.561
2002-02-28,0,23.156,29.498081250000002
2002-03-01,0,24.317999999999998,26.213035714285713
2002-03-02,0,23.163999999999998,28.680637500000003
2002-03-03,0,24.326400000000003,27.736666666666665
2002-03-04,0,22.0134,28.288006578947364
2002-03-05,0,23.176000000000002,28.690425000000005
2002-03-06,0,24.339000000000002,26.12324404761905
2002-03-07,0,20.8656,31.641166666666667
2002-03-08,0,23.188,29.414968750000003
2002-03-09,0,24.351599999999998,25.922678571428573
2002-03-10,0,22.036199999999997,26.397
2002-03-11,0,22.04,26.400000000000002
2002-03-12,0,20.8836,29.153312500000002
2002-03-13,0,20.8872,33.61875
2002-03-14,0,24.372600000000002,28.19055952380953
2002-03-15,0,24.376800000000003,25.887952380952385
2002-03-16,0,22.059,27.805263157894736
2002-03-17,0,24.3852,24.426166666666667
2002-03-18,0,20.9052,31.619576388888888
2002-03-19,0,24.3936,26.581285714285713
2002-03-20,0,23.235999999999997,26.096662499999997
2002-03-21,0,23.24,28.7976875
2002-03-22,0,20.9196,28.9416875
2002-03-23,0,20.923199999999998,29.740499999999997
2002-03-24,0,22.0894,29.801855263157897
2002-03-25,0,24.4188,26.966642857142855
2002-03-26,0,20.934,32.87260416666666
2002-03-27,0,22.1008,31.668000000000003
2002-03-28,0,23.268,25.12845
2002-03-29,0,24.4356,27.66122619047619
2002-03-30,0,20.9484,29.641638888888885
2002-03-31,0,24.444,28.0875
2002-04-01,0,22.1198,31.22169736842105
2002-04-02,0,23.288000000000004,26.962237499999997
2002-04-03,0,22.1274,27.455782894736846
2002-04-04,0,22.1312,29.548789473684213
2002-04-05,0,22.135,29.610197368421048
2002-04-06,0,24.4692,28.316750000000003
2002-04-07,0,22.1426,27.119796052631578
2002-04-08,0,20.9808,33.71805555555556
2002-04-09,0,20.9844,27.590625000000003
2002-04-10,0,23.32,30.353125
2002-04-11,0,24.490199999999998,25.283994047619046
2002-04-12,0,24.4944,26.969142857142856
2002-04-13,0,24.498600000000003,25.079410714285714
2002-04-14,0,23.336000000000002,26.502
2002-04-15,0,24.507,26.873125
2002-04-16,0,23.344,27.888625
2002-04-17,0,22.1806,27.615624999999998
2002-04-18,0,22.1844,30.467842105263152
2002-04-19,0,21.0204,27.683256944444448
2002-04-20,0,21.023999999999997,29.036944444444444
2002-04-21,0,22.1958,27.220973684210524
2002-04-22,0,23.368000000000002,26.470737500000002
2002-04-23,0,21.0348,33.77534722222222
2002-04-24,0,23.376,28.908824999999997
2002-04-25,0,23.380000000000003,25.6505
2002-04-26,0,21.0456,28.07376388888889
2002-04-27,0,23.387999999999998,26.319824999999998
2002-04-28,0,21.052799999999998,32.25833333333334
2002-04-29,0,24.5658,28.548559523809526
2002-04-30,0,22.229999999999997,26.433552631578948
2002-05-01,0,22.2338,29.988585526315784
2002-05-02,0,23.407999999999998,27.828475
2002-05-03,0,24.582600000000003,25.39967857142857
2002-05-04,0,21.0744,29.45184722222222
2002-05-05,0,21.078,32.099375
2002-05-06,0,21.0816,33.825
2002-05-07,0,23.428,29.39416875
2002-05-08,0,21.0888,28.357902777777777
2002-05-09,0,21.092399999999998,30.26825
2002-05-10,0,24.612,25.99988095238095
2002-05-11,0,21.0996,31.99805555555556
2002-05-12,0,23.448,29.0784375
2002-05-13,0,24.6246,28.699238095238094
2002-05-14,0,22.2832,31.432210526315792
2002-05-15,0,22.287,28.40299342105263
2002-05-16,0,23.464,27.4846
2002-05-17,0,23.468,29.53819375
2002-05-18,0,21.1248,28.02041666666667
2002-05-19,0,22.3022,31.683335526315787
2002-05-20,0,23.479999999999997,26.1665
2002-05-21,0,22.3098,26.613
2002-05-22,0,24.662399999999998,25.19014285714286
2002-05-23,0,24.666600000000003,27.30560119047619
2002-05-24,0,24.6708,23.980928571428574
2002-05-25,0,21.150000000000002,31.37065972222222
2002-05-26,0,22.3288,26.861578947368418
2002-05-27,0,24.6834,27.317910714285716
2002-05-28,0,23.512,30.351662500000003
2002-05-29,0,23.516,30.521562499999998
2002-05-30,0,23.52,30.247500000000002
2002-05-31,0,24.7002,27.013041666666666
2002-06-01,0,24.704400000000003,26.910345238095235
2002-06-02,0,22.355400000000003,31.0905
2002-06-03,0,24.7128,24.431
2002-06-04,0,23.54,27.321375
2002-06-05,0,23.544,26.3803125
2002-06-06,0,21.1932,28.57417361111111
2002-06-07,0,21.1968,33.021388888888886
2002-06-08,0,23.555999999999997,27.555899999999998
2002-06-09,0,23.56,28.5035625
2002-06-10,0,23.564,28.06221875
2002-06-11,0,23.567999999999998,26.12025
2002-06-12,0,23.572000000000003,27.234812500000004
2002-06-13,0,21.218400000000003,32.117222222222225
2002-06-14,0,21.222,29.89708333333333
2002-06-15,0,23.584,27.021600000000003
2002-06-16,0,21.2292,32.251625000000004
2002-06-17,0,23.592,25.9710375
2002-06-18,0,21.2364,33.24765277777778
2002-06-19,0,23.599999999999998,30.093125
2002-06-20,0,21.243599999999997,33.5641875
2002-06-21,0,22.4276,29.985684210526312
2002-06-22,0,22.431400000000004,27.76330263157895
2002-06-23,0,24.7968,24.009
2002-06-24,0,22.439,27.007927631578944
2002-06-25,0,24.8052,25.922821428571428
2002-06-26,0,24.8094,27.887392857142856
2002-06-27,0,23.631999999999998,28.950999999999997
2002-06-28,0,22.4542,28.77841447368421
2002-06-29,0,21.276,32.113125
2002-06-30,0,23.644,25.34065625
2002-07-01,0,22.4656,31.426526315789474
2002-07-02,0,22.4694,27.26674342105263
2002-07-03,0,24.838800000000003,24.460440476190474
2002-07-04,0,24.843,26.9572619047619
2002-07-05,0,23.664,27.249525000000002
2002-07-06,0,24.8514,27.600238095238094
2002-07-07,0,23.672,26.140887499999998
2002-07-08,0,23.676,28.540800000000004
2002-07-09,0,22.496,27.757631578947368
2002-07-10,0,21.3156,31.471305555555553
2002-07-11,0,22.503600000000002,28.350828947368424
2002-07-12,0,24.876600000000003,28.521732142857143
2002-07-13,0,21.3264,29.064972222222224
2002-07-14,0,24.885,28.900000000000002
2002-07-15,0,22.5188,31.41717105263158
2002-07-16,0,23.708,25.553537499999997
2002-07-17,0,23.712,28.1232
2002-07-18,0,23.716,26.95441875
2002-07-19,0,21.348,33.61152777777777
2002-07-20,0,22.537799999999997,27.145539473684213
2002-07-21,0,24.914399999999997,28.12516666666667
2002-07-22,0,23.732,27.022325
2002-07-23,0,24.922800000000002,27.28060714285714
2002-07-24,0,23.740000000000002,28.53615625
2002-07-25,0,24.9312,26.11652380952381
2002-07-26,0,23.748,25.247025
2002-07-27,0,24.9396,28.197261904761906
2002-07-28,0,24.9438,25.806041666666665
2002-07-29,0,21.384,30.793333333333333
2002-07-30,0,24.952199999999998,25.598934523809525
2002-07-31,0,21.3912,32.04216666666667
2002-08-01,0,24.960600000000003,29.171214285714285
2002-08-02,0,21.398400000000002,31.11766666666666
2002-08-03,0,21.402,32.487743055555555
2002-08-04,0,23.784,30.695962499999997
2002-08-05,0,23.788,26.952837499999998
2002-08-06,0,22.6024,30.1995
2002-08-07,0,23.796,26.623275
2002-08-08,0,24.99,28.02202380952381
2002-08-09,0,21.4236,31.26634027777778
2002-08-10,0,24.998399999999997,26.96257142857143
2002-08-11,0,23.811999999999998,28.873424999999997
2002-08-12,0,25.006800000000002,28.887309523809527
2002-08-13,0,23.82,28.3201875
2002-08-14,0,22.6328,31.758447368421052
2002-08-15,0,23.828,26.199225000000002
2002-08-16,0,25.0236,28.686928571428574
2002-08-17,0,23.836,29.5647
2002-08-18,0,23.84,28.616000000000003
2002-08-19,0,23.843999999999998,29.51529375
2002-08-20,0,22.6556,29.892986842105262
2002-08-21,0,25.044600000000003,26.24878571428571
2002-08-22,0,25.0488,27.532285714285717
2002-08-23,0,21.474,33.74326388888889
2002-08-24,0,23.864,30.428362499999995
2002-08-25,0,21.4812,28.520041666666668
2002-08-26,0,23.872,25.83905
2002-08-27,0,23.875999999999998,29.037137499999996
2002-08-28,0,21.491999999999997,31.395000000000003
2002-08-29,0,21.4956,28.5950625
2002-08-30,0,25.0824,28.251119047619046
2002-08-31,0,23.891999999999996,25.573050000000002
2002-09-01,0,25.0908,24.625083333333333
2002-09-02,0,22.705000000000002,29.75921052631579
2002-09-03,0,23.904,29.171999999999997
2002-09-04,0,22.712600000000002,30.17925657894737
2002-09-05,0,23.912,26.148425
2002-09-06,0,22.7202,31.78093421052631
2002-09-07,0,25.116,24.58809523809524
2002-09-08,0,23.924,28.6269375
2002-09-09,0,22.731599999999997,29.486960526315787
2002-09-10,0,23.932000000000002,25.7138375
2002-09-11,0,21.5424,31.63116666666667
2002-09-12,0,22.743000000000002,28.90569078947368
2002-09-13,0,21.5496,28.830083333333338
2002-09-14,0,25.145400000000002,27.228470238095237
2002-09-15,0,21.5568,32.76875
2002-09-16,0,21.5604,30.150604166666668
2002-09-17,0,22.762,30.400394736842106
2002-09-18,0,23.964,27.7597125
2002-09-19,0,25.1664,24.88857142857143
2002-09-20,0,22.7734,31.12051315789474
2002-09-21,0,23.976000000000003,27.65655
2002-09-22,0,25.179000000000002,25.27166666666666
2002-09-23,0,21.5856,34.109833333333334
2002-09-24,0,25.1874,24.31332142857143
2002-09-25,0,23.992,29.131024999999998
2002-09-26,0,21.5964,33.62126388888889
2002-09-27,0,25.2,25.55357142857143
2002-09-28,0,21.6036,31.37848611111111
2002-09-29,0,24.008,29.9879125
2002-09-30,0,21.6108,31.698062500000002
2002-10-01,0,21.614400000000003,31.076305555555553
2002-10-02,0,22.819000000000003,29.562467105263156
2002-10-03,0,22.8228,30.987750000000002
2002-10-04,0,22.8266,27.31728289473684
2002-10-05,0,24.032,27.192899999999995
2002-10-06,0,22.8342,28.864361842105264
2002-10-07,0,24.04,26.128999999999998
2002-10-08,0,21.639599999999998,31.851381944444444
2002-10-09,0,24.048,30.584475
2002-10-10,0,21.6468,31.60809027777778
2002-10-11,0,25.2588,26.827380952380953
2002-10-12,0,25.263,27.474285714285713
2002-10-13,0,21.657600000000002,33.18388888888889
2002-10-14,0,22.8646,29.06796052631579
2002-10-15,0,25.2756,28.288607142857146
2002-10-16,0,25.279799999999998,27.969636904761906
2002-10-17,0,25.284,24.75130952380952
2002-10-18,0,22.8798,32.048289473684214
2002-10-19,0,25.292399999999997,28.24745238095238
2002-10-20,0,25.2966,25.994833333333332
2002-10-21,0,25.300800000000002,27.501714285714286
2002-10-22,0,22.895000000000003,27.19375
2002-10-23,0,25.3092,26.433285714285713
2002-10-24,0,25.3134,28.800428571428572
2002-10-25,0,22.9064,28.806447368421054
2002-10-26,0,24.116,26.974137499999998
2002-10-27,0,24.119999999999997,29.065312499999997
2002-10-28,0,21.711599999999997,30.103333333333335
2002-10-29,0,21.7152,32.741
2002-10-30,0,25.3386,27.42160714285714
2002-10-31,0,22.9292,31.024657894736844
2002-11-01,0,21.726000000000003,32.94010416666667
2002-11-02,0,24.144000000000002,29.084625
2002-11-03,0,22.9406,30.08369736842105
2002-11-04,0,24.152,30.1078375
2002-11-05,0,25.3638,24.85725
2002-11-06,0,25.368,29.057142857142857
2002-11-07,0,25.3722,27.069184523809525
2002-11-08,0,25.376399999999997,28.094785714285713
2002-11-09,0,24.172000000000004,28.3724125
2002-11-10,0,24.176000000000002,25.831925000000002
2002-11-11,0,22.971,29.87230263157895
2002-11-12,0,25.3932,24.714964285714284
2002-11-13,0,22.9786,29.224190789473685
2002-11-14,0,25.401600000000002,27.628714285714285
2002-11-15,0,24.195999999999998,30.8797125
2002-11-16,0,21.78,33.748958333333334
2002-11-17,0,25.414199999999997,28.12275
2002-11-18,0,25.4184,29.580642857142855
2002-11-19,0,23.001399999999997,29.660486842105264
2002-11-20,0,23.0052,31.033776315789478
2002-11-21,0,25.431,28.943660714285716
2002-11-22,0,25.435200000000002,29.270285714285716
2002-11-23,0,25.4394,25.661500000000004
2002-11-24,0,21.8088,28.494958333333333
2002-11-25,0,21.8124,34.28579861111111
2002-11-26,0,21.816,34.3525
2002-11-27,0,25.4562,26.91332738095238
2002-11-28,0,23.0356,31.299671052631577
2002-11-29,0,24.252000000000002,31.154062500000002
2002-11-30,0,21.8304,30.150388888888887
2002-12-01,0,25.473000000000003,28.166249999999998
2002-12-02,0,23.050800000000002,32.14851315789474
2002-12-03,0,23.0546,30.06426315789474
2002-12-04,0,21.8448,32.30475
2002-12-05,0,23.0622,31.80116447368421
2002-12-06,0,23.066,28.52276315789474
2002-12-07,0,24.284,29.0272
2002-12-08,0,24.287999999999997,30.674699999999998
2002-12-09,0,25.5066,27.002976190476193
2002-12-10,0,25.510799999999996,28.734333333333332
2002-12-11,0,24.3,27.168281249999996
2002-12-12,0,21.8736,28.614611111111113
2002-12-13,0,24.308,27.457925
2002-12-14,0,24.312,28.595699999999997
2002-12-15,0,21.8844,29.38065277777778
2002-12-16,0,97.28,6.6539375
2002-12-17,0,94.86359999999999,7.174572115384615
2002-12-18,0,98.52839999999999,6.419067901234569
2002-12-19,0,91.24499999999999,8.068731666666666
2002-12-20,0,107.07840000000002,6.1549261363636365
2002-12-21,0,99.79400000000001,7.589298780487805
2002-12-22,0,94.94160000000001,7.105717948717949
2002-12-23,0,98.60940000000001,6.324439814814815
2002-12-24,0,84.0144,7.7873623188405805
2002-12-25,0,88.8994,7.03463698630137
2002-12-26,0,84.042,8.612445652173912
2002-12-27,0,107.2016,6.856990056818181
2002-12-28,0,96.25359999999999,7.523917721518988
2002-12-29,0,108.4554,6.513244382022473
2002-12-30,0,98.72279999999999,7.0450432098765425
2002-12-31,0,103.61500000000001,6.206
2003-01-01,0,98.7552,6.5131851851851845
2003-01-02,0,110.9654,6.660303571428571
2003-01-03,0,93.9092,7.724438311688313
2003-01-04,0,90.2652,7.439047297297297
2003-01-05,0,108.58,6.96558988764045
2003-01-06,0,104.93719999999999,6.402447674418604
2003-01-07,0,92.7504,7.979220394736843
2003-01-08,0,91.54499999999999,7.176198333333333
2003-01-09,0,102.5472,6.204809523809524
2003-01-10,0,106.227,6.658685344827586
2003-01-11,0,83.0416,8.051444852941176
2003-01-12,0,97.712,6.915628125
2003-01-13,0,84.2904,7.953
2003-01-14,0,95.3004,6.8317499999999995
2003-01-15,0,23.218,32.244605263157894
2003-01-16,0,25.6662,25.92296428571429
2003-01-17,0,23.2256,31.172631578947367
2003-01-18,0,24.451999999999998,26.655524999999997
2003-01-19,0,25.6788,29.403500000000005
2003-01-20,0,24.46,26.034718750000003
2003-01-21,0,25.6872,26.58833333333333
2003-01-22,0,24.468,28.148737500000003
2003-01-23,0,24.472,28.2088125
2003-01-24,0,23.2522,32.03648684210526
2003-01-25,0,24.48,31.350000000000005
2003-01-26,0,23.2598,29.643250000000002
2003-01-27,0,25.7124,25.03120238095238
2003-01-28,0,22.0428,30.34664583333333
2003-01-29,0,23.2712,28.33242105263158
2003-01-30,0,23.275000000000002,32.3577302631579
2003-01-31,0,22.053600000000003,33.652125
2003-02-01,0,22.0572,31.310680555555557
2003-02-02,0,25.7376,28.036
2003-02-03,0,25.7418,25.485124999999996
2003-02-04,0,25.746,28.694285714285712
2003-02-05,0,24.524,27.45006875
2003-02-06,0,25.754399999999997,29.352857142857143
2003-02-07,0,25.758599999999998,26.52919047619047
2003-02-08,0,24.535999999999998,26.71695
2003-02-09,0,23.313000000000002,31.732105263157894
2003-02-10,0,22.0896,29.62855555555555
2003-02-11,0,24.548000000000002,28.324700000000004
2003-02-12,0,23.3244,32.04311842105263
2003-02-13,0,25.7838,27.362601190476187
2003-02-14,0,22.104,33.44986111111111
2003-02-15,0,23.3358,30.610322368421055
2003-02-16,0,23.339599999999997,30.673815789473682
2003-02-17,0,22.1148,32.0005
2003-02-18,0,25.804800000000004,24.765
2003-02-19,0,22.122,33.46815972222222
2003-02-20,0,23.3548,27.07697368421053
2003-02-21,0,25.8174,29.074392857142858
2003-02-22,0,25.8216,25.21145238095238
2003-02-23,0,23.3662,31.35940131578948
2003-02-24,0,25.83,26.251785714285717
2003-02-25,0,25.8342,26.363595238095236
2003-02-26,0,25.8384,25.54933333333333
2003-02-27,0,22.150799999999997,28.9209375
2003-02-28,0,22.1544,33.691805555555554
2003-03-01,0,22.158,29.56302083333333
2003-03-02,0,24.624000000000002,27.35355
2003-03-03,0,22.165200000000002,31.095645833333336
2003-03-04,0,23.4004,28.679
2003-03-05,0,24.636,26.389368750000003
2003-03-06,0,24.64,30.39975
2003-03-07,0,25.8762,24.538392857142853
2003-03-08,0,22.1832,29.585624999999997
2003-03-09,0,22.186799999999998,32.57955555555556
2003-03-10,0,24.656000000000002,30.35575
2003-03-11,0,23.427000000000003,30.449506578947364
2003-03-12,0,24.664,26.1231
2003-03-13,0,22.2012,33.73965277777778
2003-03-14,0,24.672,27.962399999999995
2003-03-15,0,22.2084,29.67190277777778
2003-03-16,0,25.914,29.747916666666665
2003-03-17,0,23.4498,27.995684210526317
2003-03-18,0,25.9224,29.20845238095238
2003-03-19,0,25.926599999999997,29.92145238095238
2003-03-20,0,25.930799999999998,26.047607142857142
2003-03-21,0,24.699999999999996,28.5571875
2003-03-22,0,23.4688,27.829842105263157
2003-03-23,0,23.4726,28.678124999999998
2003-03-24,0,25.9476,28.954404761904765
2003-03-25,0,22.2444,32.89141666666667
2003-03-26,0,24.72,29.835
2003-03-27,0,23.4878,31.771092105263165
2003-03-28,0,22.2552,33.986152777777775
2003-03-29,0,24.732,27.6637875
2003-03-30,0,23.499200000000002,27.189473684210526
2003-03-31,0,22.266000000000002,30.744236111111114
2003-04-01,0,25.9812,28.542214285714287
2003-04-02,0,22.273200000000003,28.773173611111112
2003-04-03,0,24.752000000000002,30.722375000000003
2003-04-04,0,22.2804,33.1186875
2003-04-05,0,25.998,29.37517857142857
2003-04-06,0,24.764,29.526087500000003
2003-04-07,0,24.768,30.73575
2003-04-08,0,22.2948,30.38797222222222
2003-04-09,0,22.298399999999997,29.305874999999997
2003-04-10,0,22.302,32.11864583333333
2003-04-11,0,22.305600000000002,34.42113888888888
2003-04-12,0,23.5486,32.85507236842105
2003-04-13,0,26.0316,26.55375
2003-04-14,0,22.3164,33.21861111111111
2003-04-15,0,23.56,29.83947368421052
2003-04-16,0,22.3236,32.97025
2003-04-17,0,24.808,30.59665
2003-04-18,0,23.571399999999997,33.23978289473684
2003-04-19,0,23.5752,28.64139473684211
2003-04-20,0,22.338,34.710520833333334
2003-04-21,0,23.582800000000002,29.858934210526314
2003-04-22,0,24.828000000000003,29.86520625
2003-04-23,0,22.3488,30.373611111111114
2003-04-24,0,26.0778,29.216648809523807
2003-04-25,0,22.356,33.833958333333335
2003-04-26,0,23.6018,30.178144736842103
2003-04-27,0,22.3632,31.666249999999998
2003-04-28,0,23.609399999999997,30.48775657894737
2003-04-29,0,26.098799999999997,25.009428571428575
2003-04-30,0,24.86,29.257624999999997
2003-05-01,0,26.107200000000002,30.171428571428567
2003-05-02,0,24.868000000000002,26.3836625
2003-05-03,0,24.872,26.386525
2003-05-04,0,22.3884,32.71464583333333
2003-05-05,0,26.124,28.044166666666666
2003-05-06,0,23.6398,27.90565789473684
2003-05-07,0,22.3992,30.74
2003-05-08,0,24.892,30.14768125
2003-05-09,0,24.895999999999997,25.9425
2003-05-10,0,26.145000000000003,26.68660714285714
2003-05-11,0,26.1492,29.60008333333333
2003-05-12,0,22.4172,33.19156944444445
2003-05-13,0,23.6664,27.866131578947368
2003-05-14,0,24.916,29.071349999999995
2003-05-15,0,26.166,29.338214285714287
2003-05-16,0,23.677799999999998,27.875190789473685
2003-05-17,0,24.927999999999997,28.3884
2003-05-18,0,23.685399999999998,28.245690789473684
2003-05-19,0,24.936,26.4900375
2003-05-20,0,24.939999999999998,31.57215625
2003-05-21,0,26.191200000000002,25.838809523809523
2003-05-22,0,23.7006,31.174875
2003-05-23,0,26.1996,29.968511904761904
2003-05-24,0,26.2038,28.48691666666667
2003-05-25,0,22.464,32.01916666666666
2003-05-26,0,26.2122,26.62288095238095
2003-05-27,0,22.4712,32.15445833333334
2003-05-28,0,23.723399999999998,33.20182894736842
2003-05-29,0,22.478399999999997,34.536611111111114
2003-05-30,0,26.229000000000003,29.771101190476195
2003-05-31,0,24.984,31.725337500000002
2003-06-01,0,26.2374,25.484291666666667
2003-06-02,0,22.492800000000003,29.477999999999998
2003-06-03,0,22.4964,34.16991666666667
2003-06-04,0,26.25,27.91517857142857
2003-06-05,0,25.003999999999998,27.00135625
2003-06-06,0,23.7576,31.95592105263158
2003-06-07,0,25.012,27.70116875
2003-06-08,0,26.266799999999996,27.045916666666663
2003-06-09,0,25.019999999999996,31.698374999999995
2003-06-10,0,22.5216,34.06722222222222
2003-06-11,0,26.279400000000003,25.73225595238095
2003-06-12,0,23.7804,28.322171052631575
2003-06-13,0,22.5324,33.49957638888889
2003-06-14,0,22.536,30.67375
2003-06-15,0,23.7918,31.438657894736842
2003-06-16,0,26.3004,28.28217857142857
2003-06-17,0,22.546799999999998,30.55503472222222
2003-06-18,0,25.056000000000004,26.981399999999997
2003-06-19,0,25.060000000000002,31.6168125
2003-06-20,0,26.317200000000003,26.30882142857143
2003-06-21,0,26.3214,28.738732142857142
2003-06-22,0,25.072000000000003,29.77345
2003-06-23,0,25.076,27.4594125
2003-06-24,0,22.572,29.097499999999997
2003-06-25,0,23.8298,30.374723684210526
2003-06-26,0,25.088,27.75805
2003-06-27,0,25.092,28.8622125
2003-06-28,0,26.3508,26.938761904761908
2003-06-29,0,23.845,30.692927631578947
2003-06-30,0,25.104,31.712325
2003-07-01,0,26.363400000000002,27.389238095238095
2003-07-02,0,25.112000000000002,26.790225000000003
2003-07-03,0,22.604400000000002,32.5409375
2003-07-04,0,22.608,33.64
2003-07-05,0,26.3802,29.721297619047622
2003-07-06,0,22.615199999999998,31.197833333333335
2003-07-07,0,22.6188,34.81125
2003-07-08,0,25.136,28.258175000000005
2003-07-09,0,22.626,31.143437499999997
2003-07-10,0,22.629600000000003,32.758944444444445
2003-07-11,0,23.890600000000003,29.93835526315789
2003-07-12,0,22.6368,30.379500000000004
2003-07-13,0,25.156,31.40843125
2003-07-14,0,25.16,27.637749999999997
2003-07-15,0,23.9058,29.278875
2003-07-16,0,26.4264,27.54414285714286
2003-07-17,0,22.654799999999998,34.39700694444444
2003-07-18,0,25.176,27.068775000000002
2003-07-19,0,26.438999999999997,26.22517857142857
2003-07-20,0,25.183999999999997,27.4232
2003-07-21,0,22.6692,34.6700625
2003-07-22,0,22.672800000000002,32.67213888888889
2003-07-23,0,23.9362,31.384124999999997
2003-07-24,0,25.2,28.190625
2003-07-25,0,25.204,30.693299999999997
2003-07-26,0,26.4684,29.677809523809525
2003-07-27,0,26.4726,26.524625000000004
2003-07-28,0,22.694399999999998,29.52727777777778
2003-07-29,0,23.959000000000003,28.22108552631579
2003-07-30,0,26.485200000000003,25.81307142857143
2003-07-31,0,23.9666,32.26834868421053
2003-08-01,0,23.9704,28.90378947368421
2003-08-02,0,25.236,26.23974375
2003-08-03,0,26.502,30.14666666666667
2003-08-04,0,23.9818,29.34190131578947
2003-08-05,0,25.247999999999998,29.565599999999996
2003-08-06,0,23.9894,32.289151315789475
2003-08-07,0,22.7304,29.623694444444443
2003-08-08,0,25.259999999999998,31.84565625
2003-08-09,0,24.000799999999998,28.193157894736842
2003-08-10,0,24.0046,32.67079605263158
2003-08-11,0,25.272000000000002,28.769325
2003-08-12,0,22.7484,33.1989375
2003-08-13,0,22.752,34.43222222222222
2003-08-14,0,24.0198,28.14696710526316
2003-08-15,0,22.7592,33.27436111111111
2003-08-16,0,22.7628,35.479194444444445
2003-08-17,0,24.0312,31.71386842105263
2003-08-18,0,24.035000000000004,31.349177631578947
2003-08-19,0,25.304000000000002,29.3186125
2003-08-20,0,26.573400000000003,27.703410714285717
2003-08-21,0,25.312,30.607499999999998
2003-08-22,0,25.316000000000003,28.74498125
2003-08-23,0,25.32,26.9986875
2003-08-24,0,22.7916,29.353770833333332
2003-08-25,0,22.7952,33.76369444444445
2003-08-26,0,25.332,28.232325
2003-08-27,0,22.8024,34.67840277777778
2003-08-28,0,25.339999999999996,30.338750000000005
2003-08-29,0,26.611199999999997,28.508142857142857
2003-08-30,0,26.6154,30.34525
2003-08-31,0,24.084400000000002,33.42021052631579
2003-09-01,0,25.356,30.29338125
2003-09-02,0,25.36,28.7205
2003-09-03,0,22.8276,34.18546527777777
2003-09-04,0,25.368,31.178925
2003-09-05,0,22.834799999999998,34.19278472222222
2003-09-06,0,24.1072,29.876210526315788
2003-09-07,0,24.111000000000004,32.03121710526316
2003-09-08,0,26.653200000000002,28.316154761904762
2003-09-09,0,22.849200000000003,33.81796527777777
2003-09-10,0,25.392000000000003,26.52495
2003-09-11,0,22.8564,30.25440277777778
2003-09-12,0,26.67,30.331845238095237
2003-09-13,0,26.6742,26.438839285714284
2003-09-14,0,26.6784,27.666333333333334
2003-09-15,0,25.412,29.05275625
2003-09-16,0,25.415999999999997,27.5943
2003-09-17,0,25.419999999999998,27.831125000000004
2003-09-18,0,26.695199999999996,27.344023809523808
2003-09-19,0,25.427999999999997,31.638356249999998
2003-09-20,0,22.8888,33.85776388888889
2003-09-21,0,26.707800000000002,28.689791666666668
2003-09-22,0,24.168,31.589999999999996
2003-09-23,0,26.7162,27.135755952380954
2003-09-24,0,26.720399999999998,29.25625
2003-09-25,0,25.451999999999998,30.48826875
2003-09-26,0,25.456,29.84775
2003-09-27,0,26.733000000000004,30.43625
2003-09-28,0,25.464000000000002,26.92725
2003-09-29,0,25.468000000000004,30.15003125
2003-09-30,0,25.472,31.79265
2003-10-01,0,25.476,28.809675000000002
2003-10-02,0,25.48,28.344250000000002
2003-10-03,0,25.484,26.765918750000004
2003-10-04,0,25.488,31.337625
2003-10-05,0,22.9428,31.89423611111111
2003-10-06,0,22.946399999999997,35.087402777777775
2003-10-07,0,26.775,29.966517857142858
2003-10-08,0,24.2288,28.313052631578948
2003-10-09,0,22.957199999999997,31.51713888888889
2003-10-10,0,24.2364,33.50167105263158
2003-10-11,0,22.9644,35.69230555555555
2003-10-12,0,24.244,29.621052631578944
2003-10-13,0,25.524,30.07783125
2003-10-14,0,26.8044,25.577119047619046
2003-10-15,0,25.532,31.667624999999997
2003-10-16,0,22.9824,33.95183333333333
2003-10-17,0,25.540000000000003,27.861718749999998
2003-10-18,0,26.8212,26.090845238095234
2003-10-19,0,25.548000000000002,31.97446875
2003-10-20,0,26.829600000000003,26.09640476190476
2003-10-21,0,23.0004,31.101062499999998
2003-10-22,0,25.560000000000002,31.339125000000003
2003-10-23,0,23.0076,31.238118055555557
2003-10-24,0,25.567999999999998,29.291299999999996
2003-10-25,0,24.2934,32.8755
2003-10-26,0,23.0184,32.813763888888886
2003-10-27,0,23.022,35.88368055555556
2003-10-28,0,25.583999999999996,30.830625
2003-10-29,0,23.029199999999996,31.58436111111111
2003-10-30,0,25.592000000000002,29.36875
2003-10-31,0,24.316200000000002,31.783460526315793
2003-11-01,0,24.32,33.82763157894737
2003-11-02,0,25.604,29.78941875
2003-11-03,0,23.0472,31.797041666666665
2003-11-04,0,23.0508,30.233256944444445
2003-11-05,0,26.8968,29.947261904761902
2003-11-06,0,26.901000000000003,27.09535714285714
2003-11-07,0,24.342800000000004,28.65117105263158
2003-11-08,0,23.0652,31.030034722222222
2003-11-09,0,26.913600000000002,29.4
2003-11-10,0,23.072400000000002,30.05652777777778
2003-11-11,0,23.076,35.744930555555555
2003-11-12,0,25.644,28.29181875
2003-11-13,0,25.648,27.41245
2003-11-14,0,23.0868,30.46151388888889
2003-11-15,0,23.0904,30.20325
2003-11-16,0,24.377,31.09427631578947
2003-11-17,0,24.380799999999997,32.46042105263158
2003-11-18,0,26.951399999999996,27.91467857142857
2003-11-19,0,26.9556,28.534297619047617
2003-11-20,0,26.9598,28.70552380952381
2003-11-21,0,24.396,27.950131578947367
2003-11-22,0,26.9682,26.804988095238095
2003-11-23,0,24.4036,32.04719736842105
2003-11-24,0,26.976599999999998,30.063857142857145
2003-11-25,0,26.9808,27.31838095238095
2003-11-26,0,24.415,32.86348684210527
2003-11-27,0,26.989200000000004,28.614642857142858
2003-11-28,0,23.1372,35.9404375
2003-11-29,0,24.4264,30.76505263157895
2003-11-30,0,23.1444,32.47766666666667
2003-12-01,0,24.434,31.391973684210527
2003-12-02,0,23.151600000000002,30.519763888888892
2003-12-03,0,27.0144,27.229285714285716
2003-12-04,0,27.0186,25.88460119047619
2003-12-05,0,25.735999999999997,31.132199999999997
2003-12-06,0,23.165999999999997,32.17072916666667
2003-12-07,0,27.0312,28.982000000000003
2003-12-08,0,24.4606,31.291105263157892
2003-12-09,0,24.4644,30.300947368421056
2003-12-10,0,27.0438,30.114904761904764
2003-12-11,0,94.024,8.744931506849314
2003-12-12,0,96.615,7.42692
2003-12-13,0,110.8024,7.410872093023255
2003-12-14,0,112.1082,6.485278735632184
2003-12-15,0,113.4144,6.39884659090909
2003-12-16,0,106.987,7.681174698795181
2003-12-17,0,87.66560000000001,8.178430147058824
2003-12-18,0,113.4672,7.3804687499999995
2003-12-19,0,103.168,7.1007625
2003-12-20,0,112.21260000000001,7.154630747126436
2003-12-21,0,103.2,6.777421874999999
2003-12-22,0,98.0552,7.710026315789474
2003-12-23,0,87.74719999999999,9.365125
2003-12-24,0,109.701,6.895129411764705
2003-12-25,0,114.88119999999999,6.0946432584269665
2003-12-26,0,89.079,8.701340579710145
2003-12-27,0,105.8784,7.092
2003-12-28,0,114.93459999999999,6.282529494382023
2003-12-29,0,98.1616,8.026855263157895
2003-12-30,0,103.34400000000001,7.951471874999999
2003-12-31,0,103.36,7.508875000000001
2004-01-01,0,87.8696,8.434898897058824
2004-01-02,0,104.6844,6.585435185185185
2004-01-03,0,103.408,7.422540625000001
2004-01-04,0,112.47359999999999,6.921229885057472
2004-01-05,0,116.36999999999999,6.204833333333333
2004-01-06,0,95.69680000000001,7.755084459459459
2004-01-07,0,99.5918,6.9619334415584415
2004-01-08,0,99.6072,7.316181818181818
2004-01-09,0,108.67920000000001,6.411302083333333
2004-01-10,0,24.586000000000002,28.410000000000004
2004-01-11,0,24.5898,29.47225657894737
2004-01-12,0,25.887999999999998,28.9488
2004-01-13,0,27.1866,26.558232142857143
2004-01-14,0,27.1908,30.959678571428572
2004-01-15,0,24.604999999999997,34.15986842105263
2004-01-16,0,25.903999999999996,31.270799999999994
2004-01-17,0,25.907999999999998,29.141775000000003
2004-01-18,0,25.912,30.448075
2004-01-19,0,27.2118,25.897982142857142
2004-01-20,0,23.328,31.073333333333334
2004-01-21,0,25.924,32.2354
2004-01-22,0,24.6316,34.12272368421053
2004-01-23,0,24.6354,34.18871052631579
2004-01-24,0,27.232799999999997,26.137452380952382
2004-01-25,0,27.237,28.624374999999997
2004-01-26,0,25.944000000000003,29.999475000000004
2004-01-27,0,24.6506,29.39721710526316
2004-01-28,0,24.654400000000003,31.709894736842102
2004-01-29,0,23.360400000000002,30.57566666666667
2004-01-30,0,25.96,28.70725
2004-01-31,0,24.6658,33.5931447368421
2004-02-01,0,24.6696,30.849000000000004
2004-02-02,0,24.6734,29.977894736842106
2004-02-03,0,23.3784,36.12994444444444
2004-02-04,0,24.680999999999997,30.109144736842108
2004-02-05,0,24.6848,30.174789473684214
2004-02-06,0,25.988,27.06645
2004-02-07,0,27.291599999999995,30.698892857142855
2004-02-08,0,23.3964,33.44439583333334
2004-02-09,0,24.7,31.9375
2004-02-10,0,24.7038,32.253394736842104
2004-02-11,0,26.008,31.950475
2004-02-12,0,26.012,28.21203125
2004-02-13,0,27.3168,30.605142857142855
2004-02-14,0,24.718999999999998,31.51657894736842
2004-02-15,0,24.722800000000003,31.70751315789474
2004-02-16,0,27.329400000000003,27.219446428571427
2004-02-17,0,26.032000000000004,30.900999999999996
2004-02-18,0,24.7342,30.278657894736842
2004-02-19,0,23.436,35.53041666666667
2004-02-20,0,24.7418,33.663934210526314
2004-02-21,0,27.3504,26.271238095238097
2004-02-22,0,23.4468,35.4095
2004-02-23,0,27.3588,26.2767619047619
2004-02-24,0,23.454,32.377430555555556
2004-02-25,0,26.064,31.997549999999997
2004-02-26,0,24.764599999999998,33.121664473684206
2004-02-27,0,26.071999999999996,27.721175000000002
2004-02-28,0,26.076,28.61649375
2004-02-29,0,24.776,30.626842105263155
2004-03-01,0,23.4756,30.81101388888889
2004-03-02,0,24.7836,29.00451315789474
2004-03-03,0,24.787399999999998,32.453381578947365
2004-03-04,0,24.7912,32.39413157894737
2004-03-05,0,23.49,31.683854166666666
2004-03-06,0,23.4936,30.69488888888889
2004-03-07,0,27.413400000000003,31.01945833333333
2004-03-08,0,24.806400000000004,31.530157894736842
2004-03-09,0,23.5044,32.49124305555556
2004-03-10,0,27.426000000000002,31.19940476190476
2004-03-11,0,23.5116,31.2405
2004-03-12,0,23.5152,34.35491666666667
2004-03-13,0,24.8254,29.100736842105263
2004-03-14,0,26.136,28.423237500000003
2004-03-15,0,23.526,30.65767361111111
2004-03-16,0,26.144,30.395999999999997
2004-03-17,0,23.533199999999997,34.83654166666666
2004-03-18,0,24.844399999999997,34.44975
2004-03-19,0,23.5404,31.001749999999998
2004-03-20,0,23.544,35.443749999999994
2004-03-21,0,24.855800000000002,30.506092105263157
2004-03-22,0,24.8596,33.89921052631579
2004-03-23,0,23.5548,33.93066666666666
2004-03-24,0,23.5584,34.66327777777778
2004-03-25,0,26.18,30.4246875
2004-03-26,0,23.5656,34.53795833333333
2004-03-27,0,27.497400000000003,27.959071428571427
2004-03-28,0,24.8824,33.22955263157895
2004-03-29,0,26.196,30.5568
2004-03-30,0,26.200000000000003,29.366250000000004
2004-03-31,0,23.5836,30.244833333333332
2004-04-01,0,24.8976,30.41557894736842
2004-04-02,0,26.212,31.34578125
2004-04-03,0,26.216,31.9461875
2004-04-04,0,26.22,31.11346875
2004-04-05,0,27.5352,28.724880952380953
2004-04-06,0,23.605199999999996,35.506909722222225
2004-04-07,0,23.6088,35.3115
2004-04-08,0,24.924200000000003,31.318302631578945
2004-04-09,0,24.928,28.99447368421053
2004-04-10,0,27.5562,31.243982142857142
2004-04-11,0,24.9356,33.341184210526315
2004-04-12,0,24.9394,29.82146052631579
2004-04-13,0,26.256,28.273574999999997
2004-04-14,0,23.634,31.617638888888884
2004-04-15,0,24.950799999999997,29.704947368421053
2004-04-16,0,27.581400000000002,27.334285714285716
2004-04-17,0,27.585600000000003,31.323809523809523
2004-04-18,0,23.648400000000002,35.21923611111111
2004-04-19,0,27.594,28.82392857142857
2004-04-20,0,27.598200000000002,28.371178571428572
2004-04-21,0,26.288,27.340025
2004-04-22,0,24.9774,33.44251973684211
2004-04-23,0,27.610799999999998,26.67042857142857
2004-04-24,0,26.299999999999997,32.1959375
2004-04-25,0,26.304,26.9325
2004-04-26,0,24.9926,34.27557894736842
2004-04-27,0,23.680799999999998,32.059694444444446
2004-04-28,0,27.631800000000002,25.886107142857146
2004-04-29,0,27.636000000000003,29.88047619047619
2004-04-30,0,27.6402,31.309339285714284
2004-05-01,0,23.6952,33.20429166666667
2004-05-02,0,25.0154,34.10791447368421
2004-05-03,0,23.7024,36.20622222222222
2004-05-04,0,27.657,27.271607142857146
2004-05-05,0,25.026799999999998,31.532894736842103
2004-05-06,0,25.030600000000003,33.5545
2004-05-07,0,23.716800000000003,36.221333333333334
2004-05-08,0,25.038200000000003,28.83008552631579
2004-05-09,0,26.36,27.930875
2004-05-10,0,27.6822,26.946142857142853
2004-05-11,0,26.368000000000002,27.277250000000002
2004-05-12,0,26.372,32.4962875
2004-05-13,0,25.057199999999998,31.30673684210526
2004-05-14,0,25.061,31.499375000000004
2004-05-15,0,27.7032,26.274761904761906
2004-05-16,0,26.387999999999998,32.80974375
2004-05-17,0,25.0724,30.814631578947374
2004-05-18,0,23.7564,35.596291666666666
2004-05-19,0,27.720000000000002,27.885714285714283
2004-05-20,0,23.7636,35.93707638888888
2004-05-21,0,23.7672,31.806625
2004-05-22,0,26.412,30.78961875
2004-05-23,0,23.7744,30.61275
2004-05-24,0,23.778,36.08545138888889
2004-05-25,0,26.424,29.8386375
2004-05-26,0,27.7494,28.53507738095238
2004-05-27,0,25.110400000000002,32.174157894736844
2004-05-28,0,23.7924,33.0309375
2004-05-29,0,27.762,27.22833333333333
2004-05-30,0,25.1218,30.413756578947368
2004-05-31,0,23.8032,34.8435
2004-06-01,0,27.7746,28.667339285714284
2004-06-02,0,25.1332,28.715500000000002
2004-06-03,0,27.782999999999998,27.757589285714285
2004-06-04,0,26.464,27.826299999999996
2004-06-05,0,25.144599999999997,28.72446052631579
2004-06-06,0,26.471999999999998,29.575350000000004
2004-06-07,0,26.476,28.436168749999997
2004-06-08,0,27.804000000000002,28.802738095238098
2004-06-09,0,26.484,28.141424999999998
2004-06-10,0,27.8124,29.725107142857144
2004-06-11,0,27.8166,30.415553571428568
2004-06-12,0,25.1712,34.000578947368425
2004-06-13,0,27.825,29.677083333333336
2004-06-14,0,25.1788,30.84119736842105
2004-06-15,0,27.833400000000005,29.110214285714285
2004-06-16,0,25.186400000000003,31.86107894736842
2004-06-17,0,26.516000000000002,33.0996875
2004-06-18,0,25.194000000000003,33.45157894736842
2004-06-19,0,23.8716,36.11625
2004-06-20,0,23.8752,35.785555555555554
2004-06-21,0,23.8788,34.317562499999994
2004-06-22,0,23.8824,34.38802777777778
2004-06-23,0,26.54,27.218875
2004-06-24,0,23.889599999999998,35.06433333333333
2004-06-25,0,26.548,27.52568125
2004-06-26,0,25.2244,28.977407894736842
2004-06-27,0,25.228199999999998,33.67308552631579
2004-06-28,0,26.560000000000002,29.46225
2004-06-29,0,27.892200000000003,26.971845238095238
2004-06-30,0,25.2396,34.19103947368421
2004-07-01,0,25.2434,28.929000000000002
2004-07-02,0,23.9184,31.677861111111113
2004-07-03,0,26.58,29.537812499999998
2004-07-04,0,26.584,30.083462500000003
2004-07-05,0,25.2586,34.14530263157894
2004-07-06,0,26.592000000000002,27.918899999999997
2004-07-07,0,23.936400000000003,32.565375
2004-07-08,0,23.94,34.378125000000004
2004-07-09,0,26.604,32.27053125
2004-07-10,0,27.9384,28.094214285714283
2004-07-11,0,23.9508,30.232659722222227
2004-07-12,0,27.9468,26.376107142857144
2004-07-13,0,25.288999999999998,28.71092105263158
2004-07-14,0,26.624,27.821350000000002
2004-07-15,0,25.296599999999998,34.49836184210526
2004-07-16,0,25.300399999999996,33.99361842105263
2004-07-17,0,23.972399999999997,30.38560416666667
2004-07-18,0,26.64,30.79125
2004-07-19,0,27.976200000000002,30.88069642857143
2004-07-20,0,23.9832,32.072472222222224
2004-07-21,0,23.9868,30.398187500000002
2004-07-22,0,26.656,28.871199999999998
2004-07-23,0,25.326999999999998,29.69444078947368
2004-07-24,0,23.9976,35.509125000000004
2004-07-25,0,25.3346,29.19179605263158
2004-07-26,0,24.004800000000003,31.28672222222222
2004-07-27,0,25.342200000000002,34.60484210526316
2004-07-28,0,28.014000000000003,29.412916666666664
2004-07-29,0,24.0156,32.0351875
2004-07-30,0,28.0224,25.964714285714287
2004-07-31,0,25.3574,33.28275657894737
2004-08-01,0,25.3612,33.9226447368421
2004-08-02,0,26.7,32.47171875
2004-08-03,0,28.039199999999997,28.452047619047622
2004-08-04,0,24.0372,36.826361111111105
2004-08-05,0,28.0476,28.112285714285715
2004-08-06,0,26.715999999999998,29.70243125
2004-08-07,0,26.720000000000002,28.374499999999998
2004-08-08,0,26.724,27.651356250000003
2004-08-09,0,24.0552,31.93715277777778
2004-08-10,0,25.3954,29.55863157894737
2004-08-11,0,24.0624,35.171749999999996
2004-08-12,0,28.076999999999998,30.611517857142857
2004-08-13,0,28.0812,29.807511904761906
2004-08-14,0,28.0854,31.598071428571426
2004-08-15,0,24.076800000000002,31.62055555555556
2004-08-16,0,26.756,32.215925
2004-08-17,0,28.098000000000003,27.858749999999997
2004-08-18,0,25.425800000000002,29.391782894736846
2004-08-19,0,24.0912,32.77780555555556
2004-08-20,0,28.1106,26.598053571428572
2004-08-21,0,24.098399999999998,34.871472222222216
2004-08-22,0,25.441,32.97575657894737
2004-08-23,0,28.123199999999997,30.99257142857143
2004-08-24,0,24.109199999999998,36.094388888888886
2004-08-25,0,24.1128,34.88586111111111
2004-08-26,0,24.1164,33.9465
2004-08-27,0,24.12,32.93958333333333
2004-08-28,0,25.463800000000003,31.017671052631577
2004-08-29,0,28.148400000000002,26.218500000000002
2004-08-30,0,28.1526,27.029785714285712
2004-08-31,0,24.1344,36.86172222222223
2004-09-01,0,28.160999999999998,26.226607142857144
2004-09-02,0,26.823999999999998,28.086737499999998
2004-09-03,0,28.1694,30.969952380952385
2004-09-04,0,26.832,27.9105
2004-09-05,0,28.1778,31.034125
2004-09-06,0,24.156000000000002,35.60333333333333
2004-09-07,0,25.501800000000003,29.58021710526316
2004-09-08,0,25.5056,29.647157894736843
2004-09-09,0,28.1946,30.41094047619048
2004-09-10,0,26.856,28.777725
2004-09-11,0,26.86,30.237937499999997
2004-09-12,0,28.2072,27.355166666666666
2004-09-13,0,24.181199999999997,34.684291666666674
2004-09-14,0,28.2156,29.67460714285714
2004-09-15,0,24.188399999999998,31.58675
2004-09-16,0,25.535999999999998,31.4621052631579
2004-09-17,0,26.884,31.4717375
2004-09-18,0,26.888,29.955912499999997
2004-09-19,0,28.2366,27.0855
2004-09-20,0,28.2408,26.509476190476192
2004-09-21,0,24.21,31.336111111111112
2004-09-22,0,24.2136,30.52883333333333
2004-09-23,0,24.2172,35.05772916666667
2004-09-24,0,25.5664,33.215999999999994
2004-09-25,0,28.2618,28.02878571428571
2004-09-26,0,24.228,31.14951388888889
2004-09-27,0,28.270200000000003,28.09247023809524
2004-09-28,0,26.928,31.811474999999994
2004-09-29,0,24.2388,32.848875
2004-09-30,0,28.2828,27.69554761904762
2004-10-01,0,28.287,26.597410714285715
2004-10-02,0,24.2496,34.6845
2004-10-03,0,28.295399999999997,31.761166666666668
2004-10-04,0,26.951999999999998,32.6223
2004-10-05,0,26.955999999999996,30.434375000000003
2004-10-06,0,25.612,34.21815789473684
2004-10-07,0,24.2676,33.822916666666664
2004-10-08,0,24.2712,32.405680555555556
2004-10-09,0,25.6234,34.933782894736844
2004-10-10,0,25.6272,30.45
2004-10-11,0,25.631,33.017598684210526
2004-10-12,0,25.6348,33.341578947368426
2004-10-13,0,25.6386,33.665625
2004-10-14,0,28.341600000000003,30.810642857142852
2004-10-15,0,24.296400000000002,34.79851388888889
2004-10-16,0,27.0,32.9671875
2004-10-17,0,25.6538,30.471874999999997
2004-10-18,0,28.3584,30.300857142857147
2004-10-19,0,25.6614,34.1355
2004-10-20,0,24.3144,32.716541666666664
2004-10-21,0,27.02,27.80175
2004-10-22,0,28.3752,31.47471428571429
2004-10-23,0,25.6766,31.774440789473687
2004-10-24,0,28.383599999999998,31.365
2004-10-25,0,24.3324,34.224270833333335
2004-10-26,0,24.336,32.33
2004-10-27,0,25.6918,32.943374999999996
2004-10-28,0,27.048000000000002,29.102962500000004
2004-10-29,0,24.3468,32.00094444444444
2004-10-30,0,24.3504,33.15691666666667
2004-10-31,0,28.413,29.353125000000002
2004-11-01,0,27.064,29.6031875
2004-11-02,0,24.3612,34.32015277777778
2004-11-03,0,24.364800000000002,31.339000000000002
2004-11-04,0,25.7222,33.22745394736842
2004-11-05,0,24.372,33.10944444444444
2004-11-06,0,28.438200000000002,28.20794642857143
2004-11-07,0,25.733600000000003,34.52344736842105
2004-11-08,0,24.3828,32.10159027777778
2004-11-09,0,24.386400000000002,33.3945
2004-11-10,0,28.455,27.404910714285712
2004-11-11,0,24.3936,36.931555555555555
2004-11-12,0,25.752599999999997,33.38330921052631
2004-11-13,0,28.467599999999997,27.76253571428572
2004-11-14,0,24.4044,34.2265
2004-11-15,0,25.763999999999996,30.562499999999996
2004-11-16,0,28.4802,28.17859523809524
2004-11-17,0,28.4844,27.89034523809524
2004-11-18,0,24.4188,31.1833125
2004-11-19,0,25.7792,29.609473684210528
2004-11-20,0,27.14,31.4343125
2004-11-21,0,28.5012,31.629749999999998
2004-11-22,0,24.4332,34.18653472222222
2004-11-23,0,25.7944,29.492789473684212
2004-11-24,0,27.156000000000002,29.489362500000002
2004-11-25,0,27.160000000000004,27.840312499999996
2004-11-26,0,24.4476,31.344798611111113
2004-11-27,0,25.8096,33.048
2004-11-28,0,27.172,30.419506249999998
2004-11-29,0,27.176000000000002,33.6056625
2004-11-30,0,27.18,31.344
2004-12-01,0,27.183999999999997,29.081874999999997
2004-12-02,0,24.4692,37.01088888888889
2004-12-03,0,27.192,31.782262499999998
2004-12-04,0,24.476399999999998,34.296499999999995
2004-12-05,0,119.67999999999999,6.807102272727273
2004-12-06,0,123.77820000000001,6.273717032967032
2004-12-07,0,92.5072,8.57675
2004-12-08,0,93.8814,8.240202898550725
2004-12-09,0,119.7504,7.311221590909091
2004-12-10,0,95.27,8.771973214285714
2004-12-11,0,104.8124,8.182279220779222
2004-12-12,0,118.4418,6.7775387931034485
2004-12-13,0,107.56639999999999,7.371518987341772
2004-12-14,0,121.20020000000001,7.577176966292135
2004-12-15,0,98.06400000000001,9.11171875
2004-12-16,0,119.87360000000001,7.0795284090909085
2004-12-17,0,100.8176,7.723635135135135
2004-12-18,0,99.4698,8.132691780821919
2004-12-19,0,118.56360000000001,7.402801724137931
2004-12-20,0,106.314,7.471354166666666
2004-12-21,0,122.688,7.430166666666667
2004-12-22,0,111.7988,7.40764481707317
2004-12-23,0,98.1792,9.340736111111111
2004-12-24,0,118.6506,6.545999999999999
2004-12-25,0,92.752,9.82
2004-12-26,0,121.41380000000001,7.503685393258427
2004-12-27,0,105.0588,7.924568181818181
2004-12-28,0,124.1786,7.353756868131868
2004-12-29,0,113.2784,7.945012048192771
2004-12-30,0,121.485,6.471804775280898
2004-12-31,0,102.39,8.45036
2005-01-01,0,105.13579999999999,7.481920454545454
2005-01-02,0,114.71039999999999,7.98525
2005-01-03,0,111.99560000000001,7.087068597560976
2005-01-04,0,28.686000000000003,31.24535714285714
2005-01-05,0,24.5916,32.1555625
2005-01-06,0,25.9616,32.27742105263158
2005-01-07,0,25.965400000000002,30.792815789473686
2005-01-08,0,28.7028,28.214214285714284
2005-01-09,0,28.707,30.910000000000004
2005-01-10,0,27.344,28.7703
2005-01-11,0,27.348,27.72804375
2005-01-12,0,27.351999999999997,31.543087500000002
2005-01-13,0,28.723799999999997,30.5126130952381
2005-01-14,0,28.727999999999998,30.45714285714286
2005-01-15,0,27.364,33.64391875
2005-01-16,0,25.9996,35.6125
2005-01-17,0,27.372,28.298625
2005-01-18,0,26.0072,33.48255263157895
2005-01-19,0,27.38,28.796625
2005-01-20,0,27.384,27.8764875
2005-01-21,0,26.0186,30.059263157894737
2005-01-22,0,24.6528,36.93
2005-01-23,0,28.765800000000002,28.960750000000004
2005-01-24,0,26.03,34.799013157894734
2005-01-25,0,28.7742,29.787547619047615
2005-01-26,0,24.6672,35.09775
2005-01-27,0,26.0414,32.99458552631579
2005-01-28,0,26.0452,30.988236842105263
2005-01-29,0,24.678,33.3975
2005-01-30,0,26.052799999999998,30.021894736842103
2005-01-31,0,24.6852,36.2792361111111
2005-02-01,0,28.8036,26.874785714285718
2005-02-02,0,28.807799999999997,30.633321428571428
2005-02-03,0,24.695999999999998,36.70111111111111
2005-02-04,0,24.699599999999997,32.253687500000005
2005-02-05,0,24.703200000000002,33.07879166666667
2005-02-06,0,28.8246,28.94320833333333
2005-02-07,0,28.8288,29.592000000000002
2005-02-08,0,28.833,28.89035714285714
2005-02-09,0,27.464,28.734725
2005-02-10,0,24.7212,33.0955625
2005-02-11,0,26.098399999999998,31.746394736842106
2005-02-12,0,26.102200000000003,34.02207894736842
2005-02-13,0,24.732000000000003,37.28666666666667
2005-02-14,0,27.484,31.64889375
2005-02-15,0,24.7392,31.60411111111111
2005-02-16,0,26.1174,30.203585526315788
2005-02-17,0,26.1212,35.59836842105263
2005-02-18,0,28.875,31.21205357142857
2005-02-19,0,24.7536,37.10358333333333
2005-02-20,0,28.883399999999998,28.984291666666667
2005-02-21,0,26.1364,33.14328947368421
2005-02-22,0,26.1402,29.442019736842102
2005-02-23,0,28.895999999999997,27.934523809523807
2005-02-24,0,28.900199999999998,26.761041666666667
2005-02-25,0,24.7752,36.988875
2005-02-26,0,26.1554,30.55927631578947
2005-02-27,0,24.7824,34.25080555555556
2005-02-28,0,26.163,33.42690789473684
2005-03-01,0,26.1668,34.99123684210526
2005-03-02,0,28.9254,29.48444642857143
2005-03-03,0,26.1744,34.4778947368421
2005-03-04,0,26.178200000000004,35.197032894736836
2005-03-05,0,24.804000000000002,33.10402777777778
2005-03-06,0,26.1858,29.738072368421054
2005-03-07,0,27.568,28.624974999999996
2005-03-08,0,27.572000000000003,29.36984375
2005-03-09,0,24.8184,31.949375
2005-03-10,0,28.959,32.27654761904762
2005-03-11,0,28.9632,28.863333333333333
2005-03-12,0,26.2086,29.365440789473684
2005-03-13,0,26.2124,29.303289473684213
2005-03-14,0,27.595999999999997,31.862406250000003
2005-03-15,0,27.599999999999998,33.226875
2005-03-16,0,27.604,29.703
2005-03-17,0,26.227600000000002,32.89809210526315
2005-03-18,0,27.612000000000002,30.451725000000003
2005-03-19,0,27.616,29.216800000000003
2005-03-20,0,24.858,31.503402777777772
2005-03-21,0,26.2428,32.71586842105263
2005-03-22,0,24.865199999999998,34.743298611111115
2005-03-23,0,26.2504,32.85284210526316
2005-03-24,0,27.636,30.532106250000002
2005-03-25,0,26.258000000000003,32.3378947368421
2005-03-26,0,29.026200000000003,27.432232142857142
2005-03-27,0,27.648000000000003,31.966199999999997
2005-03-28,0,24.8868,37.44911111111111
2005-03-29,0,26.2732,34.17721052631579
2005-03-30,0,29.043,32.04669642857143
2005-03-31,0,29.0472,30.043119047619047
2005-04-01,0,29.0514,30.872565476190477
2005-04-02,0,27.671999999999997,29.5680375
2005-04-03,0,27.676,27.959181250000004
2005-04-04,0,29.063999999999997,30.881904761904764
2005-04-05,0,27.683999999999997,30.19704375
2005-04-06,0,29.072400000000002,32.12838095238096
2005-04-07,0,26.3074,34.07767105263158
2005-04-08,0,29.0808,32.37114285714286
2005-04-09,0,26.315,34.998684210526314
2005-04-10,0,26.3188,29.908605263157895
2005-04-11,0,27.708,28.043775
2005-04-12,0,26.3264,34.486736842105266
2005-04-13,0,26.330199999999998,33.11844078947369
2005-04-14,0,26.334000000000003,30.247302631578947
2005-04-15,0,26.3378,31.818401315789476
2005-04-16,0,29.114400000000003,31.80604761904762
2005-04-17,0,27.732,32.1580875
2005-04-18,0,24.962400000000002,35.04494444444444
2005-04-19,0,27.740000000000002,29.867093750000002
2005-04-20,0,29.1312,27.442285714285713
2005-04-21,0,24.9732,37.95381944444444
2005-04-22,0,29.139599999999998,30.168928571428573
2005-04-23,0,26.368199999999998,30.143940789473685
2005-04-24,0,24.983999999999998,37.75819444444444
2005-04-25,0,27.763999999999996,28.76676875
2005-04-26,0,29.1564,30.121892857142857
2005-04-27,0,27.772000000000002,32.563325
2005-04-28,0,29.1648,29.476857142857142
2005-04-29,0,26.391000000000002,30.750986842105263
2005-04-30,0,29.1732,29.838
2005-05-01,0,29.1774,27.887124999999997
2005-05-02,0,25.0128,34.748916666666666
2005-05-03,0,26.4062,35.08331578947368
2005-05-04,0,29.19,30.738392857142856
2005-05-05,0,25.023600000000002,36.34879166666667
2005-05-06,0,29.198400000000003,30.09295238095238
2005-05-07,0,29.2026,28.081678571428572
2005-05-08,0,26.4252,35.88678947368421
2005-05-09,0,27.82,29.429468749999998
2005-05-10,0,26.4328,30.523
2005-05-11,0,27.828,29.373150000000003
2005-05-12,0,27.832,31.61665
2005-05-13,0,25.0524,33.81910416666667
2005-05-14,0,25.055999999999997,35.55166666666667
2005-05-15,0,29.236199999999997,27.926375
2005-05-16,0,26.4556,33.29405263157894
2005-05-17,0,27.852,31.321181250000002
2005-05-18,0,27.856,30.514750000000003
2005-05-19,0,26.467,32.51736842105263
2005-05-20,0,25.0776,35.642291666666665
2005-05-21,0,26.4746,33.90091447368421
2005-05-22,0,27.872,29.281
2005-05-23,0,25.0884,32.053104166666664
2005-05-24,0,26.486000000000004,35.02618421052632
2005-05-25,0,25.0956,31.505590277777777
2005-05-26,0,26.4936,31.490526315789474
2005-05-27,0,26.497400000000003,35.824065789473686
2005-05-28,0,25.1064,31.23801388888889
2005-05-29,0,25.11,37.475520833333334
2005-05-30,0,27.904,29.429199999999998
2005-05-31,0,25.1172,34.08808333333333
2005-06-01,0,27.912,30.121087499999998
2005-06-02,0,26.5202,36.04257236842105
2005-06-03,0,29.316,26.850952380952386
2005-06-04,0,29.320199999999996,31.309446428571427
2005-06-05,0,27.927999999999997,32.6286625
2005-06-06,0,26.535400000000003,31.328230263157895
2005-06-07,0,26.5392,35.79789473684211
2005-06-08,0,25.146,32.79795138888889
2005-06-09,0,26.5468,34.29402631578947
2005-06-10,0,29.345399999999998,28.890964285714286
2005-06-11,0,29.3496,27.942619047619043
2005-06-12,0,25.1604,37.80559027777778
2005-06-13,0,25.164,34.895624999999995
2005-06-14,0,26.565800000000003,35.165690789473686
2005-06-15,0,29.366400000000002,31.046571428571433
2005-06-16,0,27.972,29.791631250000002
2005-06-17,0,29.3748,31.171761904761905
2005-06-18,0,25.182000000000002,31.78965277777778
2005-06-19,0,25.1856,35.124833333333335
2005-06-20,0,26.5886,35.44988815789473
2005-06-21,0,26.592399999999998,34.20368421052631
2005-06-22,0,26.5962,30.457480263157898
2005-06-23,0,28.0,33.1875
2005-06-24,0,28.003999999999998,29.877987499999996
2005-06-25,0,29.408399999999997,31.196714285714283
2005-06-26,0,25.210800000000003,37.997506944444446
2005-06-27,0,29.416800000000002,27.570547619047616
2005-06-28,0,28.02,29.077031249999997
2005-06-29,0,26.6228,36.074263157894734
2005-06-30,0,29.4294,27.876642857142855
2005-07-01,0,26.630399999999998,35.159684210526315
2005-07-02,0,25.2324,33.98889583333334
2005-07-03,0,29.442000000000004,26.812499999999996
2005-07-04,0,26.641800000000003,33.72126315789473
2005-07-05,0,29.450400000000002,31.943047619047622
2005-07-06,0,29.454600000000003,27.23774404761905
2005-07-07,0,26.653200000000002,35.31252631578947
2005-07-08,0,28.060000000000002,30.35796875
2005-07-09,0,25.2576,36.65577777777778
2005-07-10,0,26.6646,33.609671052631576
2005-07-11,0,28.072,28.4886875
2005-07-12,0,26.6722,32.75949342105263
2005-07-13,0,29.483999999999998,30.954642857142858
2005-07-14,0,26.679799999999997,35.66684868421053
2005-07-15,0,29.492399999999996,27.500845238095238
2005-07-16,0,29.4966,31.799160714285712
2005-07-17,0,29.5008,27.327333333333335
2005-07-18,0,26.695,32.05361842105263
2005-07-19,0,26.6988,31.858934210526318
2005-07-20,0,28.108,28.576950000000004
2005-07-21,0,29.517599999999998,28.23359523809524
2005-07-22,0,28.116,31.40330625
2005-07-23,0,26.714000000000002,33.71927631578947
2005-07-24,0,28.124000000000002,33.353075000000004
2005-07-25,0,26.721600000000002,31.151999999999997
2005-07-26,0,29.538600000000002,28.008791666666664
2005-07-27,0,26.729200000000002,30.498078947368416
2005-07-28,0,25.326,32.544062499999995
2005-07-29,0,28.144,32.428825
2005-07-30,0,29.5554,28.258934523809522
2005-07-31,0,28.152,33.627300000000005
2005-08-01,0,29.5638,29.399928571428568
2005-08-02,0,26.752,33.29052631578947
2005-08-03,0,25.3476,37.09591666666667
2005-08-04,0,28.168,31.255724999999998
2005-08-05,0,25.3548,36.96381944444444
2005-08-06,0,29.5848,32.46364285714286
2005-08-07,0,28.18,31.64175
2005-08-08,0,25.3656,38.16084722222222
2005-08-09,0,26.7786,32.3883552631579
2005-08-10,0,29.601599999999998,27.093714285714288
2005-08-11,0,25.3764,36.84633333333333
2005-08-12,0,28.2,30.40125
2005-08-13,0,25.3836,35.24829861111111
2005-08-14,0,25.3872,32.94822222222222
2005-08-15,0,29.622600000000002,32.91160714285714
2005-08-16,0,29.626800000000003,31.239214285714286
2005-08-17,0,29.631,32.91815476190476
2005-08-18,0,28.224,30.607950000000006
2005-08-19,0,25.4052,37.224868055555554
2005-08-20,0,28.232,31.368387499999997
2005-08-21,0,25.412399999999998,32.83145833333334
2005-08-22,0,29.651999999999997,32.51535714285715
2005-08-23,0,26.831799999999998,36.338743421052634
2005-08-24,0,26.8356,33.29727631578947
2005-08-25,0,26.8394,33.035769736842106
2005-08-26,0,25.430400000000002,33.337
2005-08-27,0,28.26,28.307812499999997
2005-08-28,0,26.8508,30.66156578947368
2005-08-29,0,29.6814,27.86401785714286
2005-08-30,0,28.272,32.154675
2005-08-31,0,25.4484,37.75875
2005-09-01,0,28.279999999999998,33.231
2005-09-02,0,28.284000000000002,30.338887500000002
2005-09-03,0,25.459200000000003,31.82472222222222
2005-09-04,0,25.4628,32.73725
2005-09-05,0,26.8812,35.78921052631579
2005-09-06,0,26.885,35.129934210526315
2005-09-07,0,29.7192,27.109238095238098
2005-09-08,0,28.308,28.3415625
2005-09-09,0,29.7276,32.153619047619046
2005-09-10,0,28.316,30.55196875
2005-09-11,0,25.488,34.230000000000004
2005-09-12,0,29.740199999999998,33.003273809523805
2005-09-13,0,29.7444,30.60607142857143
2005-09-14,0,28.332,28.547493749999997
2005-09-15,0,28.336000000000002,28.550324999999997
2005-09-16,0,25.506,37.188437500000006
2005-09-17,0,28.344,33.409875
2005-09-18,0,28.348,30.57621875
2005-09-19,0,26.9344,30.794947368421056
2005-09-20,0,25.5204,38.4643125
2005-09-21,0,25.523999999999997,37.627291666666665
2005-09-22,0,25.527600000000003,36.72002777777778
2005-09-23,0,25.531200000000002,32.098166666666664
2005-09-24,0,28.372,34.63160625
2005-09-25,0,28.376,32.2377125
2005-09-26,0,29.799,28.06169642857143
2005-09-27,0,26.9648,33.542631578947365
2005-09-28,0,26.9686,32.94810526315789
2005-09-29,0,29.8116,30.17378571428571
2005-09-30,0,28.396,33.26358125
2005-10-01,0,29.82,32.163690476190474
2005-10-02,0,26.9838,32.49598026315789
2005-10-03,0,26.987599999999997,30.970605263157896
2005-10-04,0,29.832599999999996,30.669821428571428
2005-10-05,0,26.9952,35.29752631578947
2005-10-06,0,29.841,30.074404761904763
2005-10-07,0,28.424,31.454925
2005-10-08,0,27.0066,33.77865789473684
2005-10-09,0,28.432,33.672275
2005-10-10,0,28.436,33.9915125
2005-10-11,0,28.439999999999998,30.6459375
2005-10-12,0,29.866200000000003,30.333000000000002
2005-10-13,0,25.6032,35.46222222222222
2005-10-14,0,27.029400000000003,33.466046052631576
2005-10-15,0,28.456000000000003,30.910912500000002
2005-10-16,0,28.46,32.87375
2005-10-17,0,25.6176,34.562999999999995
2005-10-18,0,29.8914,27.3399880952381
2005-10-19,0,28.472,28.7730625
2005-10-20,0,29.8998,28.06817857142857
2005-10-21,0,28.479999999999997,30.233500000000003
2005-10-22,0,29.908199999999997,28.977386904761907
2005-10-23,0,29.912399999999998,27.41375
2005-10-24,0,25.642799999999998,36.90677083333334
2005-10-25,0,28.496000000000002,29.6127
2005-10-26,0,28.5,34.61484375
2005-10-27,0,29.9292,28.630059523809525
2005-10-28,0,28.508,30.5075875
2005-10-29,0,27.0864,33.24915789473684
2005-10-30,0,27.0902,35.851328947368415
2005-10-31,0,25.668,35.947430555555556
2005-11-01,0,29.950200000000002,29.18692857142857
2005-11-02,0,28.528000000000002,29.319474999999997
2005-11-03,0,25.678800000000003,36.450652777777776
2005-11-04,0,27.1092,31.60207894736842
2005-11-05,0,28.54,33.192125
2005-11-06,0,28.544,33.9556
2005-11-07,0,27.1206,32.678486842105265
2005-11-08,0,27.1244,31.147671052631576
2005-11-09,0,27.1282,34.81946052631579
2005-11-10,0,25.704,34.01125
2005-11-11,0,29.992199999999997,27.28411904761905
2005-11-12,0,27.139599999999998,33.62873684210526
2005-11-13,0,25.714799999999997,34.1621875
2005-11-14,0,25.718400000000003,34.58822222222222
2005-11-15,0,30.009,27.536428571428573
2005-11-16,0,27.1548,32.90775
2005-11-17,0,30.0174,30.863791666666668
2005-11-18,0,30.0216,30.021166666666666
2005-11-19,0,28.596,32.54023125
2005-11-20,0,25.74,38.62638888888889
2005-11-21,0,27.173800000000004,34.86067105263158
2005-11-22,0,27.1776,36.60063157894737
2005-11-23,0,30.0426,28.585529761904766
2005-11-24,0,28.616,31.0331625
2005-11-25,0,25.758000000000003,32.86270833333333
2005-11-26,0,28.624000000000002,31.229700000000005
2005-11-27,0,30.0594,32.88933333333333
2005-11-28,0,30.0636,31.3205
2005-11-29,0,27.2042,35.48966447368421
2005-11-30,0,110.264,7.999350649350649
2005-12-01,0,130.3302,7.21598489010989
2005-12-02,0,114.59199999999998,8.637699999999999
2005-12-03,0,103.1472,9.227862847222223
2005-12-04,0,123.22080000000001,7.209348837209302
2005-12-05,0,121.805,7.100551470588234
2005-12-06,0,116.0892,8.26771913580247
2005-12-07,0,100.338,8.478551785714286
2005-12-08,0,100.352,8.479385714285714
2005-12-09,0,97.4984,8.991340073529411
2005-12-10,0,104.682,8.21958904109589
2005-12-11,0,120.47279999999999,6.9320208333333335
2005-12-12,0,101.84240000000001,9.384028169014085
2005-12-13,0,100.42200000000001,8.429057142857143
2005-12-14,0,111.9144,8.20115705128205
2005-12-15,0,124.845,6.914906609195403
2005-12-16,0,100.464,9.1584
2005-12-17,0,97.6072,9.5409375
2005-12-18,0,120.5904,7.027666666666667
2005-12-19,0,122.04299999999999,7.559404411764707
2005-12-20,0,117.752,7.479817073170731
2005-12-21,0,126.3856,6.840359375
2005-12-22,0,127.83959999999999,7.150280898876405
2005-12-23,0,114.928,7.9713796875
2005-12-24,0,129.312,7.241955555555556
2005-12-25,0,107.775,7.655725
2005-12-26,0,97.7296,9.923860294117647
2005-12-27,0,123.6164,7.299696220930232
2005-12-28,0,109.2576,7.590730263157895
2005-12-29,0,104.9594,8.985162671232876
2005-12-30,0,30.198,32.69291666666667
2005-12-31,0,25.8876,34.394625
2006-01-01,0,28.768,30.0027
2006-01-02,0,28.772000000000002,33.445781249999996
2006-01-03,0,28.776000000000003,31.728824999999997
2006-01-04,0,27.341,30.987434210526313
2006-01-05,0,25.9056,38.80144444444444
2006-01-06,0,27.3486,31.060598684210525
2006-01-07,0,28.792,33.908350000000006
2006-01-08,0,28.796,34.931574999999995
2006-01-09,0,30.24,28.71785714285714
2006-01-10,0,28.804,33.08949375
2006-01-11,0,25.9272,37.336486111111114
2006-01-12,0,27.371399999999998,33.89812499999999
2006-01-13,0,30.256800000000002,29.700928571428573
2006-01-14,0,27.379,34.240460526315786
2006-01-15,0,27.3828,32.76663157894737
2006-01-16,0,30.2694,31.653851190476193
2006-01-17,0,27.3904,36.53389473684211
2006-01-18,0,30.2778,29.16857142857143
2006-01-19,0,30.282,31.055416666666666
2006-01-20,0,27.401799999999998,33.11857236842105
2006-01-21,0,28.848000000000003,29.6148
2006-01-22,0,30.294600000000003,30.456625000000003
2006-01-23,0,25.9704,38.586222222222226
2006-01-24,0,30.303,31.009821428571428
2006-01-25,0,25.977600000000002,38.23905555555556
2006-01-26,0,27.4246,33.74298684210527
2006-01-27,0,27.4284,35.897447368421055
2006-01-28,0,30.3198,31.995202380952378
2006-01-29,0,28.88,34.93962500000001
2006-01-30,0,27.439799999999998,35.90798684210526
2006-01-31,0,25.9992,38.190527777777774
2006-02-01,0,30.336599999999997,32.372833333333325
2006-02-02,0,27.451199999999996,35.64947368421053
2006-02-03,0,30.345000000000002,31.831398809523808
2006-02-04,0,27.4588,34.714578947368416
2006-02-05,0,28.908,28.763437500000002
2006-02-06,0,30.3576,28.614047619047618
2006-02-07,0,30.3618,29.591035714285713
2006-02-08,0,28.919999999999998,29.411250000000003
2006-02-09,0,26.031599999999997,35.38220833333333
2006-02-10,0,26.035200000000003,32.96977777777778
2006-02-11,0,28.932000000000002,30.379218750000003
2006-02-12,0,26.0424,37.09825
2006-02-13,0,27.493000000000002,36.96720394736842
2006-02-14,0,28.944000000000003,31.283775000000002
2006-02-15,0,27.5006,35.62745394736842
2006-02-16,0,28.951999999999998,32.7616
2006-02-17,0,30.4038,27.974410714285717
2006-02-18,0,26.064,38.044444444444444
2006-02-19,0,27.5158,35.776125
2006-02-20,0,26.071199999999997,35.13575
2006-02-21,0,26.074799999999996,37.984458333333336
2006-02-22,0,26.0784,36.280833333333334
2006-02-23,0,30.429000000000002,32.503482142857145
2006-02-24,0,27.5348,33.83876315789474
2006-02-25,0,27.5386,30.94324342105263
2006-02-26,0,30.4416,31.598000000000006
2006-02-27,0,26.0964,35.15976388888889
2006-02-28,0,30.45,32.641369047619044
2006-03-01,0,27.5538,35.20409210526316
2006-03-02,0,29.008000000000003,31.5249
2006-03-03,0,30.462600000000002,28.317809523809522
2006-03-04,0,26.114400000000003,35.31933333333333
2006-03-05,0,30.471,30.215625
2006-03-06,0,30.4752,29.119714285714288
2006-03-07,0,26.1252,32.55172916666667
2006-03-08,0,27.5804,32.66363157894737
2006-03-09,0,26.1324,38.54249305555556
2006-03-10,0,30.491999999999997,29.19214285714286
2006-03-11,0,29.043999999999997,34.37435
2006-03-12,0,30.5004,28.709166666666665
2006-03-13,0,26.1468,35.2790625
2006-03-14,0,27.603199999999998,31.33221052631579
2006-03-15,0,29.060000000000002,31.244093750000005
2006-03-16,0,30.517200000000003,30.85910714285714
2006-03-17,0,30.5214,27.989797619047618
2006-03-18,0,26.1648,37.50672222222222
2006-03-19,0,26.1684,34.943125
2006-03-20,0,29.08,34.918
2006-03-21,0,26.1756,36.80441666666667
2006-03-22,0,27.6336,36.01957894736842
2006-03-23,0,30.5466,33.26495238095238
2006-03-24,0,27.6412,35.4858552631579
2006-03-25,0,26.19,33.75052083333333
2006-03-26,0,26.1936,33.82516666666667
2006-03-27,0,26.197200000000002,36.112236111111116
2006-03-28,0,27.6564,34.01206578947369
2006-03-29,0,27.6602,34.3535
2006-03-30,0,30.576,27.902857142857144
2006-03-31,0,26.211599999999997,39.124916666666664
2006-04-01,0,29.128,35.2801125
2006-04-02,0,29.131999999999998,32.648525
2006-04-03,0,27.679199999999998,31.59623684210526
2006-04-04,0,29.14,29.376531250000003
2006-04-05,0,27.6868,31.534710526315788
2006-04-06,0,26.2332,39.00487499999999
2006-04-07,0,27.6944,30.796315789473685
2006-04-08,0,29.156,33.9537
2006-04-09,0,30.618,32.278749999999995
2006-04-10,0,29.163999999999998,31.5161875
2006-04-11,0,27.7096,32.704184210526314
2006-04-12,0,30.6306,27.876875
2006-04-13,0,30.634800000000002,31.494738095238095
2006-04-14,0,29.18,32.23621875
2006-04-15,0,30.6432,29.907428571428568
2006-04-16,0,30.6474,29.236125
2006-04-17,0,26.2728,35.82845833333333
2006-04-18,0,29.195999999999998,29.7383625
2006-04-19,0,29.2,33.539375
2006-04-20,0,29.204,31.8043375
2006-04-21,0,27.7476,32.058197368421055
2006-04-22,0,26.290799999999997,38.636250000000004
2006-04-23,0,29.215999999999998,30.5256
2006-04-24,0,30.681,27.970714285714287
2006-04-25,0,29.224,34.78275
2006-04-26,0,29.228,35.36589375
2006-04-27,0,27.7704,34.925131578947365
2006-04-28,0,27.7742,31.40175657894737
2006-04-29,0,27.778,30.590855263157895
2006-04-30,0,27.7818,35.20663815789474
2006-05-01,0,26.3232,33.800444444444445
2006-05-02,0,27.7894,31.00684868421053
2006-05-03,0,30.7188,29.407178571428574
2006-05-04,0,26.334000000000003,32.30600694444445
2006-05-05,0,26.337600000000002,36.105999999999995
2006-05-06,0,27.8046,37.1955
2006-05-07,0,30.7356,29.725666666666665
2006-05-08,0,26.348399999999998,38.552930555555555
2006-05-09,0,30.744,31.32857142857143
2006-05-10,0,30.748199999999997,32.92890476190476
2006-05-11,0,30.752399999999998,29.61430952380952
2006-05-12,0,26.3628,32.904562500000004
2006-05-13,0,30.760799999999996,33.553
2006-05-14,0,27.835,36.20542763157895
2006-05-15,0,30.7692,28.519428571428573
2006-05-16,0,26.377200000000002,33.77789583333333
2006-05-17,0,26.3808,32.63361111111111
2006-05-18,0,30.7818,33.569250000000004
2006-05-19,0,29.32,30.796312500000003
2006-05-20,0,29.323999999999998,30.47645
2006-05-21,0,27.8616,31.471815789473688
2006-05-22,0,29.332,30.28860625
2006-05-23,0,29.336000000000002,29.064375
2006-05-24,0,30.807000000000002,32.296875
2006-05-25,0,26.4096,32.37177777777778
2006-05-26,0,29.348,32.4323375
2006-05-27,0,29.352,34.761525
2006-05-28,0,30.8238,29.847708333333333
2006-05-29,0,27.892,36.80223684210526
2006-05-30,0,29.363999999999997,29.601112500000003
2006-05-31,0,29.368,30.896725
2006-06-01,0,26.4348,33.61475
2006-06-02,0,30.8448,28.322857142857142
2006-06-03,0,26.441999999999997,33.19020833333334
2006-06-04,0,29.384,30.5207
2006-06-05,0,26.4492,35.783375
2006-06-06,0,30.8616,30.61283333333333
2006-06-07,0,30.8658,30.49258928571429
2006-06-08,0,29.4,32.279062499999995
2006-06-09,0,27.933799999999998,31.870184210526315
2006-06-10,0,26.4672,38.82
2006-06-11,0,26.470800000000004,38.392375
2006-06-12,0,30.8868,33.21908333333333
2006-06-13,0,27.949,33.585625
2006-06-14,0,26.4816,38.25966666666667
2006-06-15,0,29.428,34.89014375
2006-06-16,0,27.9604,34.00422368421053
2006-06-17,0,27.964199999999998,37.07431578947369
2006-06-18,0,27.968,36.464473684210525
2006-06-19,0,27.971799999999998,35.71818421052632
2006-06-20,0,30.920399999999997,32.31957142857143
2006-06-21,0,26.5068,36.12656944444444
2006-06-22,0,26.510399999999997,33.89891666666667
2006-06-23,0,26.513999999999996,34.981875
2006-06-24,0,27.9908,34.50786842105263
2006-06-25,0,27.994600000000002,31.305611842105268
2006-06-26,0,29.472,30.650399999999998
2006-06-27,0,30.9498,29.749154761904762
2006-06-28,0,26.532,35.79090277777778
2006-06-29,0,30.958199999999998,28.52025
2006-06-30,0,28.0136,31.457184210526314
2006-07-01,0,28.017400000000002,37.260907894736846
2006-07-02,0,29.496000000000002,33.0022875
2006-07-03,0,30.975,31.063244047619047
2006-07-04,0,29.504,29.182499999999997
2006-07-05,0,26.5572,39.418187499999995
2006-07-06,0,29.512,35.414925000000004
2006-07-07,0,29.516,31.20186875
2006-07-08,0,30.996,28.483214285714283
2006-07-09,0,26.5716,34.89169444444445
2006-07-10,0,31.004399999999997,28.241511904761904
2006-07-11,0,28.0554,33.3348947368421
2006-07-12,0,28.059199999999997,32.79157894736842
2006-07-13,0,26.586,39.66493055555556
2006-07-14,0,31.0212,28.190571428571428
2006-07-15,0,31.0254,28.811559523809525
2006-07-16,0,28.0744,33.00923684210527
2006-07-17,0,28.0782,31.577092105263155
2006-07-18,0,31.038,28.201428571428576
2006-07-19,0,26.607599999999998,39.03840972222223
2006-07-20,0,28.089599999999997,34.115842105263155
2006-07-21,0,31.050600000000003,32.10694642857143
2006-07-22,0,31.054800000000004,31.61508333333333
2006-07-23,0,29.580000000000002,29.690718750000002
2006-07-24,0,28.1048,36.11242105263158
2006-07-25,0,29.588,31.061037499999998
2006-07-26,0,29.592,32.103825
2006-07-27,0,29.596,33.79675
2006-07-28,0,28.12,35.78421052631579
2006-07-29,0,31.0842,32.936499999999995
2006-07-30,0,29.607999999999997,35.0417375
2006-07-31,0,31.092599999999997,29.908625
2006-08-01,0,26.6544,34.75225
2006-08-02,0,28.138999999999996,31.96799342105263
2006-08-03,0,31.1052,31.83740476190476
2006-08-04,0,31.1094,30.229857142857142
2006-08-05,0,31.1136,30.29471428571428
2006-08-06,0,26.6724,38.96146527777777
2006-08-07,0,26.676,39.18208333333333
2006-08-08,0,28.1618,32.19190789473684
2006-08-09,0,29.648,32.407349999999994
2006-08-10,0,28.1694,34.321796052631576
2006-08-11,0,28.1732,35.96940789473684
2006-08-12,0,26.694000000000003,39.707187499999996
2006-08-13,0,31.1472,33.852000000000004
2006-08-14,0,28.1846,35.43150657894736
2006-08-15,0,26.7048,32.55625
2006-08-16,0,28.1922,33.24483552631579
2006-08-17,0,29.68,31.715875
2006-08-18,0,31.1682,29.278047619047616
2006-08-19,0,29.688,32.8944375
2006-08-20,0,28.2074,31.954723684210528
2006-08-21,0,31.180799999999998,30.46538095238095
2006-08-22,0,28.214999999999996,31.137828947368423
2006-08-23,0,29.704,30.1702375
2006-08-24,0,29.708000000000002,33.757412499999994
2006-08-25,0,29.712,32.131275
2006-08-26,0,31.2018,33.39763095238096
2006-08-27,0,31.206,32.59375
2006-08-28,0,31.2102,30.17539285714286
2006-08-29,0,26.7552,33.976444444444446
2006-08-30,0,26.758799999999997,36.153243055555556
2006-08-31,0,31.222800000000003,30.99146428571429
2006-09-01,0,29.740000000000002,33.261562500000004
2006-09-02,0,28.256800000000002,36.59465789473684
2006-09-03,0,26.773200000000003,39.138749999999995
2006-09-04,0,31.2396,33.17792857142857
2006-09-05,0,28.2682,32.96526315789474
2006-09-06,0,29.759999999999998,32.7555
2006-09-07,0,31.2522,33.001017857142855
2006-09-08,0,28.2796,32.768644736842106
2006-09-09,0,28.2834,34.14586184210526
2006-09-10,0,28.2872,31.606842105263155
2006-09-11,0,28.290999999999997,36.763651315789474
2006-09-12,0,31.273200000000003,29.410464285714287
2006-09-13,0,29.788,35.1280375
2006-09-14,0,29.792,35.4579
2006-09-15,0,29.796,30.824550000000002
2006-09-16,0,29.8,29.8478125
2006-09-17,0,28.3138,34.72207236842105
2006-09-18,0,29.808,29.5269
2006-09-19,0,29.811999999999998,29.595056249999995
2006-09-20,0,29.816000000000003,29.5978875
2006-09-21,0,26.838,37.028124999999996
2006-09-22,0,29.824,30.387749999999997
2006-09-23,0,28.3366,35.70515131578947
2006-09-24,0,26.8488,38.418625
2006-09-25,0,29.836,31.115524999999998
2006-09-26,0,31.332,29.761190476190478
2006-09-27,0,28.3518,31.038888157894736
2006-09-28,0,26.8632,34.873333333333335
2006-09-29,0,29.851999999999997,33.54699375
2006-09-30,0,28.3632,35.10947368421053
2006-10-01,0,28.366999999999997,33.873552631578946
2006-10-02,0,28.370800000000003,32.22426315789474
2006-10-03,0,29.868000000000002,34.083168750000006
2006-10-04,0,29.872,34.871525
2006-10-05,0,26.8884,39.33145138888889
2006-10-06,0,29.88,30.035812500000002
2006-10-07,0,31.3782,30.291107142857143
2006-10-08,0,26.8992,34.543055555555554
2006-10-09,0,28.397399999999998,35.89758552631579
2006-10-10,0,31.390800000000002,33.2300119047619
2006-10-11,0,28.405,36.455756578947366
2006-10-12,0,26.913600000000002,32.810249999999996
2006-10-13,0,26.9172,33.10440972222222
2006-10-14,0,29.912,31.826925
2006-10-15,0,28.4202,34.88403947368421
2006-10-16,0,28.424,31.991578947368424
2006-10-17,0,29.924,33.60470625
2006-10-18,0,29.927999999999997,31.642537499999996
2006-10-19,0,31.4286,33.00897023809524
2006-10-20,0,31.432799999999997,32.32566666666667
2006-10-21,0,29.939999999999998,34.27284375
2006-10-22,0,28.446799999999996,37.04593421052632
2006-10-23,0,28.4506,37.53242105263158
2006-10-24,0,29.952,30.48075
2006-10-25,0,29.956,31.467000000000002
2006-10-26,0,31.458,29.47190476190476
2006-10-27,0,28.465799999999998,33.54359210526316
2006-10-28,0,31.4664,33.34957142857143
2006-10-29,0,31.470599999999997,33.540125
2006-10-30,0,28.477200000000003,36.86707894736842
2006-10-31,0,26.982000000000003,36.80538194444445
2006-11-01,0,31.483200000000004,33.4247619047619
2006-11-02,0,26.9892,34.479729166666665
2006-11-03,0,31.491600000000002,33.80605952380953
2006-11-04,0,28.4962,31.566072368421057
2006-11-05,0,30.0,30.121875
2006-11-06,0,28.5038,33.299223684210524
2006-11-07,0,31.508399999999998,28.317892857142855
2006-11-08,0,31.5126,30.946339285714288
2006-11-09,0,30.016,30.00205
2006-11-10,0,27.017999999999997,35.30847222222222
2006-11-11,0,28.522799999999997,35.73422368421053
2006-11-12,0,31.529399999999995,30.7705
2006-11-13,0,31.5336,32.149476190476186
2006-11-14,0,28.534200000000002,31.31958552631579
2006-11-15,0,31.542,30.341369047619047
2006-11-16,0,28.5418,36.71934868421052
2006-11-17,0,31.5504,32.72485714285715
2006-11-18,0,30.052000000000003,34.49578125
2006-11-19,0,30.056000000000004,30.096324999999997
2006-11-20,0,31.563000000000002,33.42267857142857
2006-11-21,0,28.5608,31.340447368421053
2006-11-22,0,28.564600000000002,33.48834210526316
2006-11-23,0,30.072000000000003,32.6058
2006-11-24,0,31.5798,31.369160714285716
2006-11-25,0,115.808,9.187922077922078
2006-11-26,0,106.7982,9.483718309859157
2006-11-27,0,111.3256,8.993466216216216
2006-11-28,0,114.3496,9.31147039473684
2006-11-29,0,109.8504,8.757986301369863
2006-11-30,0,112.87499999999999,9.525125000000001
2006-12-01,0,127.942,6.965735294117647
2006-12-02,0,133.98059999999998,7.303845505617978
2006-12-03,0,130.9872,7.744735632183908
2006-12-04,0,129.4988,7.789623546511628
2006-12-05,0,137.046,7.550357142857142
2006-12-06,0,112.965,8.600316666666666
2006-12-07,0,105.448,8.9522
2006-12-08,0,122.03460000000001,8.923791666666666
2006-12-09,0,113.01,9.182136666666667
2006-12-10,0,135.63000000000002,7.857354166666667
2006-12-11,0,119.06880000000001,8.802227848101266
2006-12-12,0,131.1438,7.3425933908045975
2006-12-13,0,119.10040000000001,8.437069620253165
2006-12-14,0,117.6084,8.208259615384616
2006-12-15,0,126.672,8.28142857142857
2006-12-16,0,132.7216,7.007369318181818
2006-12-17,0,125.1972,8.208153614457832
2006-12-18,0,137.2826,6.879017857142856
2006-12-19,0,113.16,8.22432
2006-12-20,0,131.283,8.166314655172414
2006-12-21,0,113.19,8.296186666666665
2006-12-22,0,102.63919999999999,9.228625000000001
2006-12-23,0,110.2008,8.904390410958904
2006-12-24,0,135.882,6.593125
2006-12-25,0,28.69,37.20263157894737
2006-12-26,0,28.6938,34.98489473684211
2006-12-27,0,28.697599999999998,34.50226315789474
2006-12-28,0,28.701400000000003,34.22782236842105
2006-12-29,0,30.216,29.8810125
2006-12-30,0,27.198,39.14145833333333
2006-12-31,0,27.201600000000003,37.532444444444444
2007-01-01,0,27.2052,34.456875000000004
2007-01-02,0,28.7204,35.21648684210526
2007-01-03,0,27.212400000000002,40.182861111111116
2007-01-04,0,30.240000000000002,36.036
2007-01-05,0,27.2196,37.11018055555555
2007-01-06,0,31.7604,34.452238095238094
2007-01-07,0,27.226799999999997,36.60372916666667
2007-01-08,0,28.743199999999998,36.001
2007-01-09,0,27.233999999999998,39.985590277777774
2007-01-10,0,30.263999999999996,31.1036625
2007-01-11,0,28.754599999999996,33.091394736842105
2007-01-12,0,31.785599999999995,34.53471428571429
2007-01-13,0,31.7898,31.203714285714284
2007-01-14,0,30.28,32.2385
2007-01-15,0,27.2556,33.25460416666667
2007-01-16,0,30.288,34.821525
2007-01-17,0,31.8066,30.90085119047619
2007-01-18,0,28.781200000000002,35.756815789473684
2007-01-19,0,31.815,32.79508928571428
2007-01-20,0,30.304000000000002,32.2568
2007-01-21,0,30.308,31.003831249999998
2007-01-22,0,28.796400000000002,33.5433947368421
2007-01-23,0,31.8318,28.588488095238098
2007-01-24,0,27.288,33.94416666666667
2007-01-25,0,30.323999999999998,33.39628125
2007-01-26,0,28.8116,37.87242105263158
2007-01-27,0,31.848599999999998,29.040255952380953
2007-01-28,0,30.336,33.8688
2007-01-29,0,28.822999999999997,35.51546052631579
2007-01-30,0,30.343999999999998,31.6918375
2007-01-31,0,27.3132,37.422104166666664
2007-02-01,0,27.316799999999997,40.44027777777779
2007-02-02,0,27.3204,34.04657638888889
2007-02-03,0,31.878,28.744285714285716
2007-02-04,0,28.8458,32.95751973684211
2007-02-05,0,30.368,33.431000000000004
2007-02-06,0,28.8534,37.84209868421053
2007-02-07,0,31.894800000000004,28.37678571428571
2007-02-08,0,31.899,28.82092261904762
2007-02-09,0,28.864800000000002,37.22542105263158
2007-02-10,0,28.8686,35.13742105263158
2007-02-11,0,30.392000000000003,34.70845
2007-02-12,0,28.8762,32.215381578947365
2007-02-13,0,31.92,34.38690476190476
2007-02-14,0,28.8838,33.89530263157894
2007-02-15,0,27.3672,36.149875
2007-02-16,0,27.3708,38.87766666666666
2007-02-17,0,30.415999999999997,30.4865
2007-02-18,0,28.898999999999997,38.024506578947374
2007-02-19,0,30.424,31.2214125
2007-02-20,0,28.906599999999997,33.70513815789474
2007-02-21,0,30.431999999999995,33.945600000000006
2007-02-22,0,27.392400000000002,36.32109027777778
2007-02-23,0,27.396,35.58770833333333
2007-02-24,0,30.444,36.4753125
2007-02-25,0,31.970399999999998,33.60466666666667
2007-02-26,0,28.929399999999998,31.55971052631579
2007-02-27,0,28.933200000000003,31.70234210526316
2007-02-28,0,30.46,34.69778125
2007-03-01,0,28.940800000000003,32.755947368421054
2007-03-02,0,27.421200000000002,35.90610416666667
2007-03-03,0,31.995600000000003,33.56046428571428
2007-03-04,0,31.9998,28.50695833333333
2007-03-05,0,30.48,34.11675
2007-03-06,0,30.484,33.8544375
2007-03-07,0,27.4392,39.758736111111105
2007-03-08,0,28.967399999999998,36.691282894736844
2007-03-09,0,30.496,32.6024
2007-03-10,0,30.5,32.2734375
2007-03-11,0,32.029199999999996,29.4745
2007-03-12,0,30.507999999999996,31.482487499999994
2007-03-13,0,30.511999999999997,35.47095
2007-03-14,0,32.0418,31.380857142857142
2007-03-15,0,28.994,33.77822368421052
2007-03-16,0,27.4716,33.96013888888889
2007-03-17,0,27.4752,35.366166666666665
2007-03-18,0,29.005399999999998,34.347388157894734
2007-03-19,0,30.536,30.639212500000003
2007-03-20,0,30.540000000000003,30.24328125
2007-03-21,0,32.071200000000005,32.034619047619046
2007-03-22,0,29.0206,32.120940789473686
2007-03-23,0,27.4968,34.72125
2007-03-24,0,30.556,33.246874999999996
2007-03-25,0,32.088,30.78
2007-03-26,0,27.5076,39.829854166666664
2007-03-27,0,32.0964,30.02564285714286
2007-03-28,0,32.1006,33.005970238095244
2007-03-29,0,32.1048,31.551857142857145
2007-03-30,0,29.051,35.716776315789474
2007-03-31,0,29.054799999999997,33.05863157894737
2007-04-01,0,29.0586,32.78155263157895
2007-04-02,0,32.121599999999994,30.232714285714287
2007-04-03,0,30.596,36.472825
2007-04-04,0,32.13,29.414285714285715
2007-04-05,0,29.0738,33.49459210526316
2007-04-06,0,30.608,35.551050000000004
2007-04-07,0,32.1426,32.46628571428571
2007-04-08,0,32.146800000000006,33.357166666666664
2007-04-09,0,29.089000000000002,37.22240131578947
2007-04-10,0,32.1552,30.762857142857143
2007-04-11,0,30.628,33.36973125
2007-04-12,0,29.1004,38.35477631578947
2007-04-13,0,32.1678,32.674910714285716
2007-04-14,0,27.576,33.83069444444445
2007-04-15,0,30.644,35.0480375
2007-04-16,0,32.1804,33.382214285714284
2007-04-17,0,27.5868,38.06098611111111
2007-04-18,0,30.656,36.3909
2007-04-19,0,29.127,33.187796052631576
2007-04-20,0,32.197199999999995,32.63288095238095
2007-04-21,0,32.2014,34.66775
2007-04-22,0,27.604799999999997,34.671
2007-04-23,0,30.676000000000002,34.87429375
2007-04-24,0,27.612000000000002,36.678125
2007-04-25,0,27.6156,35.866416666666666
2007-04-26,0,30.688,30.3485
2007-04-27,0,29.1574,33.774427631578945
2007-04-28,0,27.626400000000004,40.76875
2007-04-29,0,27.630000000000003,39.21579861111111
2007-04-30,0,29.1688,34.41605263157895
2007-05-01,0,27.6372,33.88464583333333
2007-05-02,0,29.1764,36.389500000000005
2007-05-03,0,29.1802,32.669309210526315
2007-05-04,0,27.648,39.45666666666667
2007-05-05,0,32.2602,33.56885714285715
2007-05-06,0,32.2644,30.265666666666668
2007-05-07,0,27.6588,38.651687499999994
2007-05-08,0,30.735999999999997,36.52592500000001
2007-05-09,0,27.665999999999997,37.471701388888896
2007-05-10,0,32.2812,32.31242857142857
2007-05-11,0,30.747999999999998,34.13160625
2007-05-12,0,32.2896,29.90095238095238
2007-05-13,0,32.2938,30.66725
2007-05-14,0,30.76,34.208
2007-05-15,0,27.6876,33.55786111111111
2007-05-16,0,32.3064,33.22157142857143
2007-05-17,0,27.6948,39.059152777777776
2007-05-18,0,32.3148,33.100476190476186
2007-05-19,0,29.241000000000003,32.085
2007-05-20,0,30.784000000000002,31.21895
2007-05-21,0,27.709200000000003,40.633743055555556
2007-05-22,0,29.2524,31.882855263157893
2007-05-23,0,30.796,34.9054875
2007-05-24,0,27.72,39.010416666666664
2007-05-25,0,29.2638,32.24380263157895
2007-05-26,0,29.2676,33.373342105263156
2007-05-27,0,30.811999999999998,35.3199
2007-05-28,0,30.816,31.108500000000003
2007-05-29,0,30.82,34.6574375
2007-05-30,0,29.282799999999998,37.40056578947368
2007-05-31,0,29.286599999999996,32.89584868421053
2007-06-01,0,30.831999999999997,35.804875
2007-06-02,0,29.294199999999996,32.90199342105263
2007-06-03,0,29.298000000000002,36.42809210526316
2007-06-04,0,29.3018,32.626269736842104
2007-06-05,0,27.7632,39.57488888888889
2007-06-06,0,27.7668,39.87616666666667
2007-06-07,0,30.855999999999998,36.025825
2007-06-08,0,27.774,40.55329861111111
2007-06-09,0,29.320800000000002,37.506
2007-06-10,0,27.781200000000002,38.62585416666667
2007-06-11,0,30.872,35.1684375
2007-06-12,0,27.788400000000003,36.5488125
2007-06-13,0,29.336000000000002,37.8021052631579
2007-06-14,0,29.3398,32.02193421052632
2007-06-15,0,29.3436,38.37347368421052
2007-06-16,0,27.802799999999998,38.12622222222222
2007-06-17,0,27.8064,34.62958333333333
2007-06-18,0,32.445,32.81339285714285
2007-06-19,0,27.813599999999997,33.816694444444444
2007-06-20,0,30.907999999999998,34.058225
2007-06-21,0,32.4576,29.629714285714286
2007-06-22,0,27.824399999999997,38.14755555555555
2007-06-23,0,27.828,36.213750000000005
2007-06-24,0,30.924,36.351262500000004
2007-06-25,0,30.928,35.080225
2007-06-26,0,27.8388,40.323284722222226
2007-06-27,0,27.842399999999998,38.83620833333333
2007-06-28,0,29.393000000000004,34.676874999999995
2007-06-29,0,30.944000000000003,32.1409
2007-06-30,0,29.4006,38.07396710526316
2007-07-01,0,27.8568,37.955847222222225
2007-07-02,0,30.956000000000003,34.096325
2007-07-03,0,27.864,34.30833333333334
2007-07-04,0,30.964,35.8480875
2007-07-05,0,29.4196,33.922105263157896
2007-07-06,0,27.8748,33.944895833333334
2007-07-07,0,32.5248,30.633190476190478
2007-07-08,0,32.528999999999996,33.386250000000004
2007-07-09,0,30.983999999999998,31.364887500000002
2007-07-10,0,32.5374,29.938071428571426
2007-07-11,0,27.892799999999998,34.55780555555556
2007-07-12,0,32.5458,33.71858928571429
2007-07-13,0,29.45,35.14967105263158
2007-07-14,0,31.004,34.4032
2007-07-15,0,31.008,35.48159999999999
2007-07-16,0,32.562599999999996,33.92315476190476
2007-07-17,0,27.9144,38.38580555555556
2007-07-18,0,32.571000000000005,30.4725
2007-07-19,0,32.5752,29.899119047619045
2007-07-20,0,31.028000000000002,30.455756249999997
2007-07-21,0,32.583600000000004,32.274
2007-07-22,0,31.036,30.32693125
2007-07-23,0,32.592,31.191190476190474
2007-07-24,0,29.4918,38.86703289473684
2007-07-25,0,27.9432,38.26488888888889
2007-07-26,0,31.052,33.4998375
2007-07-27,0,31.055999999999997,34.781175
2007-07-28,0,31.06,35.255375
2007-07-29,0,29.5108,38.955921052631574
2007-07-30,0,27.961199999999998,36.26385416666666
2007-07-31,0,29.518399999999996,34.004210526315795
2007-08-01,0,27.968399999999995,40.832458333333335
2007-08-02,0,29.526,34.86078947368421
2007-08-03,0,31.084,34.93843125
2007-08-04,0,32.6424,29.68711904761905
2007-08-05,0,27.9828,41.146875
2007-08-06,0,27.9864,35.688875
2007-08-07,0,31.1,34.14328125
2007-08-08,0,27.9936,34.123999999999995
2007-08-09,0,27.997200000000003,39.740187500000005
2007-08-10,0,32.6676,32.97554761904762
2007-08-11,0,28.0044,38.69960416666667
2007-08-12,0,28.008000000000003,40.05069444444444
2007-08-13,0,31.124000000000002,36.722781250000004
2007-08-14,0,29.5716,35.67990789473684
2007-08-15,0,28.0188,39.912076388888885
2007-08-16,0,28.022399999999998,39.46644444444444
2007-08-17,0,28.026,36.549166666666665
2007-08-18,0,31.144,31.549049999999998
2007-08-19,0,32.7054,31.590499999999995
2007-08-20,0,32.709599999999995,33.905142857142856
2007-08-21,0,32.7138,33.201863095238096
2007-08-22,0,29.602,38.474868421052626
2007-08-23,0,31.164,34.6660875
2007-08-24,0,28.0512,38.29661111111111
2007-08-25,0,32.7306,29.166797619047617
2007-08-26,0,29.6172,32.59503947368421
2007-08-27,0,32.739000000000004,32.83479166666667
2007-08-28,0,32.7432,28.982119047619044
2007-08-29,0,32.7474,29.820285714285717
2007-08-30,0,28.0728,39.742638888888884
2007-08-31,0,29.636200000000002,34.81256578947369
2007-09-01,0,29.64,38.86578947368422
2007-09-02,0,31.204,35.98083125
2007-09-03,0,29.6476,36.10142105263158
2007-09-04,0,32.7726,29.643946428571432
2007-09-05,0,29.6552,33.62034210526316
2007-09-06,0,32.781,29.58511904761905
2007-09-07,0,31.223999999999997,32.282925
2007-09-08,0,28.105199999999996,34.67245833333334
2007-09-09,0,31.232,32.9644
2007-09-10,0,28.112399999999997,34.9040625
2007-09-11,0,31.240000000000002,31.8219375
2007-09-12,0,31.244,33.9195125
2007-09-13,0,31.248,34.5984
2007-09-14,0,31.252,35.07466875
2007-09-15,0,29.6932,32.29971052631579
2007-09-16,0,32.823,30.9
2007-09-17,0,28.137600000000003,38.306666666666665
2007-09-18,0,31.268,36.9130125
2007-09-19,0,32.8356,29.55632142857143
2007-09-20,0,29.712200000000003,35.80234868421052
2007-09-21,0,32.844,34.907380952380954
2007-09-22,0,32.8482,30.723910714285715
2007-09-23,0,28.1592,34.495124999999994
2007-09-24,0,31.292,30.4396875
2007-09-25,0,28.1664,39.98866666666667
2007-09-26,0,32.865,31.50848214285714
2007-09-27,0,31.304,31.0570875
2007-09-28,0,29.7426,33.193302631578945
2007-09-29,0,32.8776,29.90590476190476
2007-09-30,0,28.184399999999997,39.10472222222222
2007-10-01,0,29.753999999999998,38.831250000000004
2007-10-02,0,32.8902,34.16922619047619
2007-10-03,0,32.8944,29.014285714285712
2007-10-04,0,29.7654,36.347565789473684
2007-10-05,0,31.336,31.2154625
2007-10-06,0,28.206,39.42736111111111
2007-10-07,0,29.7768,35.64473684210526
2007-10-08,0,32.915400000000005,33.34957738095238
2007-10-09,0,31.352000000000004,37.1878875
2007-10-10,0,29.788200000000003,34.44234868421053
2007-10-11,0,28.224,34.25138888888889
2007-10-12,0,32.9322,29.68369047619048
2007-10-13,0,28.2312,33.95654166666667
2007-10-14,0,31.372,34.426525
2007-10-15,0,31.375999999999998,33.20975
2007-10-16,0,28.241999999999997,38.3340625
2007-10-17,0,28.2456,40.37122222222222
2007-10-18,0,29.818599999999996,38.39267105263158
2007-10-19,0,29.8224,36.18378947368421
2007-10-20,0,32.965799999999994,33.77397023809524
2007-10-21,0,32.97,29.966666666666665
2007-10-22,0,28.2636,40.9173125
2007-10-23,0,31.408,34.929875
2007-10-24,0,29.8414,36.91448026315789
2007-10-25,0,32.9868,34.04796428571428
2007-10-26,0,29.849,34.20753289473684
2007-10-27,0,28.281600000000005,38.222166666666666
2007-10-28,0,29.856600000000004,33.7852697368421
2007-10-29,0,29.860400000000002,37.57439473684211
2007-10-30,0,31.436,37.12420625
2007-10-31,0,29.868000000000002,34.15184210526316
2007-11-01,0,33.0162,33.940625000000004
2007-11-02,0,31.448,30.549375
2007-11-03,0,31.451999999999998,34.21845
2007-11-04,0,28.3104,35.91155555555556
2007-11-05,0,29.887,35.02532894736842
2007-11-06,0,31.464,35.450325
2007-11-07,0,29.894599999999997,34.60281578947369
2007-11-08,0,28.324799999999996,40.67952777777778
2007-11-09,0,28.3284,41.36258333333333
2007-11-10,0,31.479999999999997,31.319187500000005
2007-11-11,0,28.3356,39.93582638888889
2007-11-12,0,29.9136,36.54994736842105
2007-11-13,0,33.0666,33.39564285714286
2007-11-14,0,31.496,32.5540375
2007-11-15,0,33.074999999999996,34.308035714285715
2007-11-16,0,33.0792,31.52745238095238
2007-11-17,0,28.357200000000002,39.429125
2007-11-18,0,28.3608,39.58383333333333
2007-11-19,0,31.516000000000002,35.560731249999996
2007-11-20,0,115.048,8.420821917808219
2007-11-21,0,121.3674,8.31972564935065
2007-11-22,0,126.112,7.9404593750000005
2007-11-23,0,110.362,9.542058928571429
2007-11-24,0,140.3352,8.254719101123595
2007-11-25,0,115.121,9.0211301369863
2007-11-26,0,134.06199999999998,7.572173529411764
2007-11-27,0,113.5728,9.734036458333334
2007-11-28,0,124.6304,8.648379746835444
2007-11-29,0,110.446,9.858433928571428
2007-11-30,0,134.13,8.567867647058824
2007-12-01,0,138.8816,7.580383522727273
2007-12-02,0,112.0664,9.83731690140845
2007-12-03,0,142.074,6.883770833333333
2007-12-04,0,126.304,8.6471125
2007-12-05,0,107.372,9.713373161764705
2007-12-06,0,137.3904,7.67103448275862
2007-12-07,0,131.0902,8.894840361445784
2007-12-08,0,143.74360000000001,7.57470879120879
2007-12-09,0,113.74560000000001,9.49878125
2007-12-10,0,134.3,8.207058823529412
2007-12-11,0,142.21800000000002,7.676120833333334
2007-12-12,0,131.1732,8.48845481927711
2007-12-13,0,142.254,7.526098611111111
2007-12-14,0,110.656,10.572985714285714
2007-12-15,0,128.061,7.640231481481481
2007-12-16,0,120.1712,9.363375
2007-12-17,0,139.1632,7.095747159090909
2007-12-18,0,113.87519999999999,9.582374999999999
2007-12-19,0,124.9622,8.337099683544302
2007-12-20,0,28.476,37.351597222222225
2007-12-21,0,30.0618,37.97315131578947
2007-12-22,0,30.0656,38.909894736842105
2007-12-23,0,30.0694,34.17492105263158
2007-12-24,0,28.4904,40.018
2007-12-25,0,28.494,36.686527777777776
2007-12-26,0,28.497600000000002,37.52375
2007-12-27,0,28.501200000000004,39.043437499999996
2007-12-28,0,30.088400000000004,35.05252631578947
2007-12-29,0,33.2598,31.522113095238097
2007-12-30,0,33.264,31.59
2007-12-31,0,33.2682,34.648172619047614
2008-01-01,0,30.1036,34.70609210526316
2008-01-02,0,28.5228,41.340520833333336
2008-01-03,0,33.2808,35.43797619047619
2008-01-04,0,31.7,32.43359375
2008-01-05,0,33.2892,31.022035714285717
2008-01-06,0,33.2934,33.5615
2008-01-07,0,28.540799999999997,37.489111111111114
2008-01-08,0,33.3018,32.72194642857143
2008-01-09,0,33.306,34.806845238095235
2008-01-10,0,31.724,36.823806250000004
2008-01-11,0,28.5552,39.173
2008-01-12,0,33.3186,33.124386904761906
2008-01-13,0,31.736,32.391975
2008-01-14,0,31.74,34.10353125
2008-01-15,0,28.5696,36.75711111111111
2008-01-16,0,30.160600000000002,37.559960526315784
2008-01-17,0,30.1644,39.002605263157896
2008-01-18,0,30.168200000000002,36.41535526315789
2008-01-19,0,28.584000000000003,39.27763888888889
2008-01-20,0,30.175800000000002,37.501717105263154
2008-01-21,0,28.5912,41.79236111111111
2008-01-22,0,28.5948,38.90844444444444
2008-01-23,0,33.3648,29.83542857142857
2008-01-24,0,31.78,34.0663125
2008-01-25,0,28.6056,41.35155555555556
2008-01-26,0,30.1986,36.658046052631576
2008-01-27,0,31.791999999999998,33.1177
2008-01-28,0,31.796,32.29955
2008-01-29,0,28.619999999999997,37.56458333333333
2008-01-30,0,30.213799999999996,37.68008552631579
2008-01-31,0,31.808,37.57905
2008-02-01,0,33.4026,31.685464285714282
2008-02-02,0,30.2252,36.60942105263158
2008-02-03,0,30.229,37.765921052631576
2008-02-04,0,33.4152,34.36792857142857
2008-02-05,0,28.645200000000003,36.90378472222222
2008-02-06,0,33.4236,35.87440476190476
2008-02-07,0,31.836000000000002,33.150974999999995
2008-02-08,0,33.432,34.83714285714286
2008-02-09,0,33.4362,35.10129761904762
2008-02-10,0,30.2556,37.140986842105264
2008-02-11,0,31.852,36.0408625
2008-02-12,0,33.4488,32.63095238095238
2008-02-13,0,33.453,31.393839285714286
2008-02-14,0,30.270799999999998,32.75371052631579
2008-02-15,0,30.2746,37.37438157894737
2008-02-16,0,30.278399999999998,33.48126315789474
2008-02-17,0,33.4698,34.735166666666665
2008-02-18,0,28.691999999999997,40.83277777777778
2008-02-19,0,33.478199999999994,32.455875
2008-02-20,0,30.2936,36.597394736842105
2008-02-21,0,33.4866,34.159994047619044
2008-02-22,0,30.3012,33.64397368421053
2008-02-23,0,33.495,29.854613095238097
2008-02-24,0,33.4992,35.34533333333333
2008-02-25,0,31.908,33.0682125
2008-02-26,0,30.3164,39.50635526315789
2008-02-27,0,31.916000000000004,32.04495625
2008-02-28,0,30.324,33.66236842105263
2008-02-29,0,28.7316,35.15445138888889
2008-03-01,0,28.7352,37.29304166666667
2008-03-02,0,33.5286,34.060375
2008-03-03,0,28.7424,40.73233333333334
2008-03-04,0,28.746,36.54038194444444
2008-03-05,0,33.541199999999996,34.65821428571429
2008-03-06,0,28.7532,41.73534027777778
2008-03-07,0,31.951999999999998,32.071225
2008-03-08,0,30.358199999999997,36.65409868421053
2008-03-09,0,33.558,34.670833333333334
2008-03-10,0,30.365799999999997,38.39619078947368
2008-03-11,0,30.369600000000002,35.36242105263158
2008-03-12,0,31.972,33.73476875
2008-03-13,0,28.7784,40.31133333333333
2008-03-14,0,33.579,33.70491071428572
2008-03-15,0,28.7856,34.89702777777778
2008-03-16,0,30.388600000000004,37.259572368421054
2008-03-17,0,28.792800000000003,38.111125
2008-03-18,0,31.996000000000002,32.790768750000005
2008-03-19,0,32.0,36.1625
2008-03-20,0,32.004000000000005,32.79673125
2008-03-21,0,30.407600000000002,37.059368421052625
2008-03-22,0,33.6126,31.568130952380955
2008-03-23,0,28.8144,35.45733333333333
2008-03-24,0,33.621,32.75297619047619
2008-03-25,0,33.6252,31.576738095238095
2008-03-26,0,28.8252,36.231375
2008-03-27,0,32.032,36.9456
2008-03-28,0,32.036,36.604925
2008-03-29,0,30.438,35.42032894736842
2008-03-30,0,32.044,34.89110625
2008-03-31,0,30.445600000000002,37.67263157894737
2008-04-01,0,32.052,35.998743749999996
2008-04-02,0,30.4532,39.78082894736842
2008-04-03,0,33.663,35.011964285714285
2008-04-04,0,32.064,31.3956
2008-04-05,0,32.068000000000005,34.49698125
2008-04-06,0,30.468400000000003,37.113263157894735
2008-04-07,0,30.4722,35.44928289473684
2008-04-08,0,30.476000000000003,37.41
2008-04-09,0,32.084,31.340968750000002
2008-04-10,0,32.088,32.3082375
2008-04-11,0,32.092,36.513687499999996
2008-04-12,0,28.886400000000002,34.45
2008-04-13,0,33.705,31.89375
2008-04-14,0,28.8936,36.829902777777775
2008-04-15,0,30.502599999999997,34.16919078947369
2008-04-16,0,30.5064,36.42142105263158
2008-04-17,0,28.9044,35.07834722222222
2008-04-18,0,32.12,35.02025
2008-04-19,0,32.123999999999995,31.78306875
2008-04-20,0,33.7344,30.46933333333333
2008-04-21,0,30.5254,32.95382894736842
2008-04-22,0,33.7428,34.809642857142855
2008-04-23,0,28.926,40.84482638888889
2008-04-24,0,28.9296,41.308361111111104
2008-04-25,0,30.540600000000005,38.339052631578944
2008-04-26,0,32.152,36.701350000000005
2008-04-27,0,33.7638,34.56258333333333
2008-04-28,0,33.768,29.768571428571427
2008-04-29,0,28.9476,41.32707638888889
2008-04-30,0,32.168,31.74575
2008-05-01,0,33.7806,33.19473214285714
2008-05-02,0,33.7848,30.371000000000002
2008-05-03,0,32.18,35.7581875
2008-05-04,0,32.184,33.3451125
2008-05-05,0,28.9692,40.81252777777778
2008-05-06,0,28.9728,40.432611111111115
2008-05-07,0,28.976399999999998,36.75327083333333
2008-05-08,0,33.809999999999995,33.610416666666666
2008-05-09,0,30.593799999999998,33.66192763157895
2008-05-10,0,32.208,33.501374999999996
2008-05-11,0,28.9908,39.99036805555556
2008-05-12,0,32.216,32.747475
2008-05-13,0,30.608999999999998,36.437861842105264
2008-05-14,0,33.8352,34.87904761904762
2008-05-15,0,30.616600000000002,35.28055921052632
2008-05-16,0,29.0088,41.92825
2008-05-17,0,33.8478,32.38707142857143
2008-05-18,0,29.016000000000002,36.17541666666667
2008-05-19,0,30.631800000000002,37.18533552631579
2008-05-20,0,30.6356,38.13478947368421
2008-05-21,0,33.8646,34.835279761904765
2008-05-22,0,33.8688,35.10185714285714
2008-05-23,0,30.647,38.43631578947368
2008-05-24,0,32.263999999999996,34.857899999999994
2008-05-25,0,32.268,36.6594375
2008-05-26,0,32.272,32.581425
2008-05-27,0,32.275999999999996,31.685012499999996
2008-05-28,0,29.052,35.20875
2008-05-29,0,32.284,36.811075
2008-05-30,0,32.288,31.139999999999997
2008-05-31,0,33.9066,31.373500000000003
2008-06-01,0,30.6812,38.8318552631579
2008-06-02,0,33.915,32.17023809523809
2008-06-03,0,30.6888,37.09002631578948
2008-06-04,0,32.308,32.19253125
2008-06-05,0,33.927600000000005,32.57459523809524
2008-06-06,0,33.9318,35.67701785714286
2008-06-07,0,30.704,35.35394736842105
2008-06-08,0,33.940200000000004,33.50683333333333
2008-06-09,0,30.7116,37.62047368421053
2008-06-10,0,29.0988,39.637118055555554
2008-06-11,0,32.336,32.767075
2008-06-12,0,30.723,37.99529605263158
2008-06-13,0,32.344,36.9302375
2008-06-14,0,29.1132,38.41953472222222
2008-06-15,0,30.734399999999997,33.48284210526316
2008-06-16,0,33.9738,34.32309523809524
2008-06-17,0,33.977999999999994,31.817738095238095
2008-06-18,0,33.9822,35.121500000000005
2008-06-19,0,33.986399999999996,33.47407142857143
2008-06-20,0,33.9906,32.75076190476191
2008-06-21,0,29.1384,39.29125
2008-06-22,0,32.38,35.0879375
2008-06-23,0,34.0032,34.27871428571429
2008-06-24,0,30.7686,35.48119736842105
2008-06-25,0,32.392,36.2765875
2008-06-26,0,30.776200000000003,39.503677631578945
2008-06-27,0,30.78,36.513157894736835
2008-06-28,0,34.0242,33.303
2008-06-29,0,34.028400000000005,32.18258333333333
2008-06-30,0,34.0326,34.30033928571429
2008-07-01,0,34.0368,30.866476190476188
2008-07-02,0,34.041,33.57940476190476
2008-07-03,0,32.424,33.734475
2008-07-04,0,30.8066,39.97058552631579
2008-07-05,0,32.432,31.79665
2008-07-06,0,32.436,37.84003125
2008-07-07,0,29.195999999999998,39.425069444444446
2008-07-08,0,34.066199999999995,30.621386904761906
2008-07-09,0,32.44799999999999,37.6419
2008-07-10,0,34.074600000000004,30.75919642857143
2008-07-11,0,30.8332,33.342
2008-07-12,0,34.083,35.79294642857143
2008-07-13,0,30.840799999999998,38.83286842105263
2008-07-14,0,29.2212,40.68513194444445
2008-07-15,0,32.472,31.4778375
2008-07-16,0,30.852200000000003,35.91729605263158
2008-07-17,0,29.232000000000003,40.92777777777778
2008-07-18,0,34.108200000000004,32.03907142857143
2008-07-19,0,34.1124,34.69004761904762
2008-07-20,0,30.8674,38.85732236842105
2008-07-21,0,29.2464,35.457750000000004
2008-07-22,0,29.25,37.546875
2008-07-23,0,30.8788,33.304802631578944
2008-07-24,0,32.507999999999996,35.884575
2008-07-25,0,30.8864,37.92305263157895
2008-07-26,0,30.8902,35.43707894736842
2008-07-27,0,30.894,40.273026315789465
2008-07-28,0,34.1502,34.25432738095238
2008-07-29,0,32.528,34.37005
2008-07-30,0,34.1586,31.742303571428568
2008-07-31,0,32.536,37.994775000000004
2008-08-01,0,30.913,36.115493421052626
2008-08-02,0,34.1712,31.750857142857143
2008-08-03,0,32.548,37.169737500000004
2008-08-04,0,32.55200000000001,35.9896625
2008-08-05,0,34.183800000000005,33.54960714285714
2008-08-06,0,34.188,30.104523809523812
2008-08-07,0,34.1922,36.009303571428575
2008-08-08,0,29.3112,37.681625000000004
2008-08-09,0,32.572,33.63793125
2008-08-10,0,32.576,32.7355
2008-08-11,0,32.58,38.032312499999996
2008-08-12,0,34.2132,32.97358333333334
2008-08-13,0,34.2174,31.715869047619048
2008-08-14,0,32.592,33.58335
2008-08-15,0,30.966199999999997,35.72080921052632
2008-08-16,0,34.23,36.10476190476191
2008-08-17,0,30.973799999999997,35.14032236842105
2008-08-18,0,32.608,34.0833
2008-08-19,0,34.2426,30.537976190476193
2008-08-20,0,34.2468,30.341535714285715
2008-08-21,0,32.62,34.022749999999995
2008-08-22,0,29.3616,37.18666666666667
2008-08-23,0,32.628,37.02729375
2008-08-24,0,29.368800000000004,42.539874999999995
2008-08-25,0,31.004200000000004,40.08430263157894
2008-08-26,0,32.64,34.94475
2008-08-27,0,34.2762,36.20681547619048
2008-08-28,0,32.648,34.183625
2008-08-29,0,32.652,32.093625
2008-08-30,0,31.0232,34.887499999999996
2008-08-31,0,34.293,35.02354166666667
2008-09-01,0,31.0308,38.4198552631579
2008-09-02,0,31.034599999999998,36.88048684210526
2008-09-03,0,31.0384,37.03073684210526
2008-09-04,0,29.4084,35.523625
2008-09-05,0,34.314,36.2360119047619
2008-09-06,0,29.415599999999998,39.40880555555555
2008-09-07,0,29.419199999999996,41.66225
2008-09-08,0,29.422800000000002,41.89875
2008-09-09,0,32.696,37.6424125
2008-09-10,0,32.7,36.737812500000004
2008-09-11,0,31.0688,38.08663157894737
2008-09-12,0,34.3434,36.59136904761905
2008-09-13,0,32.712,35.769600000000004
2008-09-14,0,34.351800000000004,29.943749999999998
2008-09-15,0,31.084000000000003,33.3928947368421
2008-09-16,0,29.451600000000003,40.60877083333334
2008-09-17,0,34.3644,35.34310714285714
2008-09-18,0,31.0954,35.388309210526316
2008-09-19,0,34.3728,35.882000000000005
2008-09-20,0,29.466,40.15725694444445
2008-09-21,0,31.1068,38.04711842105263
2008-09-22,0,29.4732,39.5429375
2008-09-23,0,31.1144,37.465078947368426
2008-09-24,0,34.3938,33.63360119047619
2008-09-25,0,34.397999999999996,34.30267857142857
2008-09-26,0,31.125799999999998,35.19275
2008-09-27,0,32.768,33.2962
2008-09-28,0,34.410599999999995,35.377874999999996
2008-09-29,0,34.4148,33.515369047619046
2008-09-30,0,34.419,32.785357142857144
2008-10-01,0,32.784,37.436625
2008-10-02,0,34.4274,33.39105357142857
2008-10-03,0,29.5128,37.63772222222222
2008-10-04,0,29.516400000000004,36.70783333333333
2008-10-05,0,32.800000000000004,33.25
2008-10-06,0,32.804,36.2632375
2008-10-07,0,31.1676,37.43826315789474
2008-10-08,0,31.171400000000002,36.26234210526316
2008-10-09,0,31.1752,33.612
2008-10-10,0,31.179000000000002,33.90986842105263
2008-10-11,0,29.5416,40.077013888888885
2008-10-12,0,31.1866,36.20155921052632
2008-10-13,0,29.5488,38.449666666666666
2008-10-14,0,29.5524,41.87806944444444
2008-10-15,0,31.197999999999997,33.7775
2008-10-16,0,29.559599999999996,42.352666666666664
2008-10-17,0,32.848,36.368925
2008-10-18,0,29.566799999999997,35.66356944444445
2008-10-19,0,32.856,32.100075
2008-10-20,0,34.503,33.578244047619044
2008-10-21,0,31.2208,34.01694736842106
2008-10-22,0,29.5812,40.81741666666667
2008-10-23,0,29.584799999999998,38.32816666666667
2008-10-24,0,29.588400000000004,39.81186805555556
2008-10-25,0,29.592000000000002,39.11416666666667
2008-10-26,0,31.239800000000002,36.98500657894737
2008-10-27,0,34.5324,31.194488095238093
2008-10-28,0,34.5366,30.262017857142858
2008-10-29,0,29.6064,41.154666666666664
2008-10-30,0,32.9,33.885468749999994
2008-10-31,0,31.2588,39.73413157894736
2008-11-01,0,34.553399999999996,34.0151369047619
2008-11-02,0,29.6208,37.03680555555555
2008-11-03,0,32.916,34.3888125
2008-11-04,0,31.273999999999997,37.75348684210527
2008-11-05,0,34.5702,32.957636904761905
2008-11-06,0,29.635199999999998,38.454
2008-11-07,0,32.931999999999995,33.06714375
2008-11-08,0,29.642400000000002,39.319
2008-11-09,0,29.646,36.90385416666667
2008-11-10,0,29.6496,41.19866666666667
2008-11-11,0,34.5954,31.303071428571428
2008-11-12,0,32.952,36.24255
2008-11-13,0,34.60380000000001,32.312125
2008-11-14,0,140.08,8.446529411764706
2008-11-15,0,138.4488,9.150040178571428
2008-11-16,0,126.9268,9.2345
2008-11-17,0,112.10480000000001,9.734288602941177
2008-11-18,0,133.5528,9.335296296296296
2008-11-19,0,125.324,9.709909539473685
2008-11-20,0,117.0932,10.13723943661972
2008-11-21,0,122.0556,9.043195945945946
2008-11-22,0,113.8224,9.678985507246379
2008-11-23,0,141.8828,8.796456395348837
2008-11-24,0,150.15,7.865728021978022
2008-11-25,0,146.8678,8.04320084269663
2008-11-26,0,120.47919999999999,9.72989726027397
2008-11-27,0,115.54199999999999,10.569782142857143
2008-11-28,0,150.2228,7.5902664835164835
2008-11-29,0,117.221,10.482209507042253
2008-11-30,0,118.8864,9.243208333333333
2008-12-01,0,140.369,8.508967647058823
2008-12-02,0,148.644,7.270791666666667
2008-12-03,0,145.35840000000002,7.7245696022727275
2008-12-04,0,147.02800000000002,7.986376404494382
2008-12-05,0,120.6106,8.850683219178082
2008-12-06,0,115.668,10.719010714285714
2008-12-07,0,142.1236,7.808795058139535
2008-12-08,0,117.3488,9.915492957746478
2008-12-09,0,128.934,8.593173076923076
2008-12-10,0,132.256,8.4495
2008-12-11,0,120.6982,9.74286815068493
2008-12-12,0,130.6344,8.18356329113924
2008-12-13,0,122.38119999999999,9.060885135135136
2008-12-14,0,31.426,35.73776315789473
2008-12-15,0,31.429799999999997,37.446414473684214
2008-12-16,0,33.087999999999994,37.1976
2008-12-17,0,29.782799999999998,36.01097222222222
2008-12-18,0,34.7508,34.157535714285714
2008-12-19,0,31.445,40.27845394736842
2008-12-20,0,31.4488,37.68557894736842
2008-12-21,0,34.7634,36.91875
2008-12-22,0,34.7676,30.34319047619048
2008-12-23,0,29.8044,35.9518125
2008-12-24,0,29.808000000000003,35.876666666666665
2008-12-25,0,34.7802,35.99176190476191
2008-12-26,0,31.471600000000002,34.365565789473685
2008-12-27,0,31.4754,38.37704605263158
2008-12-28,0,33.136,33.852
2008-12-29,0,29.826,40.986493055555556
2008-12-30,0,31.4868,38.7585
2008-12-31,0,31.4906,33.93525657894737
2009-01-01,0,31.4944,36.46321052631579
2009-01-02,0,33.156,33.51421875
2009-01-03,0,31.502,34.01855263157894
2009-01-04,0,33.164,34.79039375
2009-01-05,0,34.8264,34.01042857142857
2009-01-06,0,29.854799999999997,42.50559722222222
2009-01-07,0,34.8348,32.47025
2009-01-08,0,31.521,34.107927631578946
2009-01-09,0,29.8656,38.202444444444446
2009-01-10,0,34.8474,36.51351785714286
2009-01-11,0,29.872799999999998,36.7185
2009-01-12,0,31.536200000000004,38.58013815789473
2009-01-13,0,34.86,30.536904761904765
2009-01-14,0,29.8836,36.178895833333335
2009-01-15,0,29.8872,36.7315
2009-01-16,0,31.5514,36.95783552631579
2009-01-17,0,33.216,35.39565
2009-01-18,0,33.22,38.0130625
2009-01-19,0,33.224000000000004,36.037875
2009-01-20,0,31.5666,36.82213815789474
2009-01-21,0,33.232,33.21725
2009-01-22,0,34.8978,31.032434523809528
2009-01-23,0,34.902,34.8725
2009-01-24,0,34.9062,35.548857142857145
2009-01-25,0,34.910399999999996,30.43466666666667
2009-01-26,0,31.589399999999998,34.68327631578948
2009-01-27,0,34.9188,32.52775
2009-01-28,0,29.934,38.97388888888889
2009-01-29,0,29.9376,39.998916666666666
2009-01-30,0,31.6046,34.918901315789476
2009-01-31,0,31.6084,37.60256578947368
2009-02-01,0,33.275999999999996,36.2208
2009-02-02,0,34.944,36.250952380952384
2009-02-03,0,33.284000000000006,34.3875375
2009-02-04,0,34.952400000000004,36.52692857142857
2009-02-05,0,33.292,33.049006250000005
2009-02-06,0,29.9664,41.12813888888889
2009-02-07,0,31.635,36.58273026315789
2009-02-08,0,29.9736,37.596027777777785
2009-02-09,0,29.9772,36.26213194444444
2009-02-10,0,31.6464,36.741473684210526
2009-02-11,0,31.650199999999998,40.62042763157895
2009-02-12,0,34.986,33.31559523809524
2009-02-13,0,33.324,35.1261
2009-02-14,0,34.9944,35.88466666666667
2009-02-15,0,33.331999999999994,37.04474375
2009-02-16,0,33.336,34.0728375
2009-02-17,0,35.007,31.711011904761904
2009-02-18,0,35.0112,33.3332380952381
2009-02-19,0,31.6806,40.64911184210526
2009-02-20,0,30.0168,42.753708333333336
2009-02-21,0,35.0238,31.587214285714285
2009-02-22,0,35.028000000000006,30.645000000000003
2009-02-23,0,31.695800000000002,40.663453947368424
2009-02-24,0,30.031200000000002,35.44375
2009-02-25,0,30.0348,40.56697916666666
2009-02-26,0,35.0448,35.922666666666665
2009-02-27,0,30.042,36.63489583333333
2009-02-28,0,31.7148,35.00838157894737
2009-03-01,0,30.0492,42.393652777777774
2009-03-02,0,30.052799999999998,38.06308333333333
2009-03-03,0,35.065799999999996,33.64167857142857
2009-03-04,0,33.4,37.100312499999994
2009-03-05,0,30.063599999999997,39.80732638888889
2009-03-06,0,31.737599999999997,40.77757894736842
2009-03-07,0,35.0826,33.045339285714284
2009-03-08,0,31.745199999999997,37.34868421052631
2009-03-09,0,35.091,35.07883928571429
2009-03-10,0,35.0952,36.16345238095238
2009-03-11,0,30.0852,39.67063194444444
2009-03-12,0,30.0888,43.2235
2009-03-13,0,31.7642,36.91675
2009-03-14,0,31.768000000000004,39.535789473684204
2009-03-15,0,35.116200000000006,31.648500000000002
2009-03-16,0,33.448,36.1453625
2009-03-17,0,30.1068,40.4806875
2009-03-18,0,35.1288,32.806785714285716
2009-03-19,0,30.114,40.17211805555556
2009-03-20,0,31.7908,38.73413157894737
2009-03-21,0,35.1414,34.77760714285714
2009-03-22,0,33.472,38.509100000000004
2009-03-23,0,30.1284,38.84408333333333
2009-03-24,0,35.153999999999996,31.60589285714286
2009-03-25,0,31.8098,34.113
2009-03-26,0,31.813599999999997,38.67976315789473
2009-03-27,0,33.492,38.383875
2009-03-28,0,31.821199999999997,34.047171052631576
2009-03-29,0,30.150000000000002,38.54861111111111
2009-03-30,0,35.1792,35.617714285714285
2009-03-31,0,33.508,36.833037499999996
2009-04-01,0,31.8364,34.65798684210527
2009-04-02,0,31.8402,34.211861842105264
2009-04-03,0,35.196000000000005,31.362738095238093
2009-04-04,0,31.847800000000003,39.459125
2009-04-05,0,31.8516,35.04457894736842
2009-04-06,0,31.855400000000003,34.223888157894734
2009-04-07,0,35.2128,33.94871428571429
2009-04-08,0,35.217,36.79794642857143
2009-04-09,0,30.1896,39.613791666666664
2009-04-10,0,33.548,34.0186625
2009-04-11,0,33.552,35.801024999999996
2009-04-12,0,31.8782,39.8615
2009-04-13,0,35.238,35.25476190476191
2009-04-14,0,33.564,33.888225
2009-04-15,0,31.889599999999998,34.3258947368421
2009-04-16,0,31.893399999999996,40.62503947368421
2009-04-17,0,35.254799999999996,34.52110714285714
2009-04-18,0,30.222,42.335590277777776
2009-04-19,0,35.2632,32.967
2009-04-20,0,35.2674,33.851803571428576
2009-04-21,0,31.912399999999998,37.718381578947366
2009-04-22,0,31.9162,39.22155921052632
2009-04-23,0,35.28,34.94642857142858
2009-04-24,0,33.604,39.048424999999995
2009-04-25,0,30.247200000000003,39.43191666666667
2009-04-26,0,30.2508,40.3064375
2009-04-27,0,30.2544,39.518027777777775
2009-04-28,0,33.620000000000005,36.13959375
2009-04-29,0,33.624,37.782375
2009-04-30,0,35.3094,33.813607142857144
2009-05-01,0,33.632,36.1491
2009-05-02,0,33.635999999999996,33.941775
2009-05-03,0,35.321999999999996,35.4525
2009-05-04,0,30.2796,39.70077083333333
2009-05-05,0,33.647999999999996,37.017675
2009-05-06,0,31.969399999999997,41.07178289473684
2009-05-07,0,31.9732,38.14678947368421
2009-05-08,0,33.660000000000004,38.16890625
2009-05-09,0,30.2976,37.102000000000004
2009-05-10,0,35.3514,33.979166666666664
2009-05-11,0,33.672,37.3225875
2009-05-12,0,30.3084,42.50405555555556
2009-05-13,0,30.312000000000005,40.44583333333333
2009-05-14,0,30.315600000000003,39.02175
2009-05-15,0,35.3724,33.92605952380953
2009-05-16,0,30.3228,43.5501875
2009-05-17,0,33.696,37.2708
2009-05-18,0,30.330000000000002,40.463541666666664
2009-05-19,0,30.3336,38.086666666666666
2009-05-20,0,32.0226,34.055467105263155
2009-05-21,0,33.712,34.069725000000005
2009-05-22,0,32.0302,39.09921052631579
2009-05-23,0,35.406,34.76625
2009-05-24,0,35.410199999999996,32.660000000000004
2009-05-25,0,33.727999999999994,33.652950000000004
2009-05-26,0,30.3588,41.2064375
2009-05-27,0,32.0492,39.191539473684216
2009-05-28,0,33.74,35.8773125
2009-05-29,0,32.0568,38.446026315789474
2009-05-30,0,35.4354,36.01293452380952
2009-05-31,0,32.0644,36.79725
2009-06-01,0,30.380399999999998,38.2094375
2009-06-02,0,33.76,34.6775
2009-06-03,0,35.452200000000005,35.753125
2009-06-04,0,33.768,35.1126375
2009-06-05,0,33.772000000000006,35.40178125
2009-06-06,0,35.464800000000004,31.879714285714282
2009-06-07,0,33.78,34.40653125
2009-06-08,0,35.4732,34.610523809523805
2009-06-09,0,35.4774,36.044422619047616
2009-06-10,0,33.792,38.4939
2009-06-11,0,30.4164,37.76579861111111
2009-06-12,0,35.49,34.486309523809524
2009-06-13,0,32.1138,36.68840131578948
2009-06-14,0,30.4272,38.33238888888889
2009-06-15,0,30.430799999999998,40.88084722222222
2009-06-16,0,33.815999999999995,35.79375
2009-06-17,0,32.129,40.695394736842104
2009-06-18,0,30.4416,37.55022222222222
2009-06-19,0,33.828,32.86726875
2009-06-20,0,32.1404,36.03239473684211
2009-06-21,0,32.1442,37.01558552631579
2009-06-22,0,30.456,41.22416666666667
2009-06-23,0,35.5362,34.041898809523815
2009-06-24,0,35.540400000000005,32.270988095238096
2009-06-25,0,35.5446,33.16082142857143
2009-06-26,0,33.856,37.90285
2009-06-27,0,30.474,39.649791666666665
2009-06-28,0,30.477600000000002,41.56425
2009-06-29,0,35.5614,32.353321428571434
2009-06-30,0,35.5656,34.88183333333333
2009-07-01,0,33.876,34.407
2009-07-02,0,32.186,39.08855263157895
2009-07-03,0,35.578199999999995,35.778595238095235
2009-07-04,0,30.4992,37.044999999999995
2009-07-05,0,35.5866,33.940958333333334
2009-07-06,0,30.5064,38.485708333333335
2009-07-07,0,33.9,37.1503125
2009-07-08,0,35.5992,34.83785714285714
2009-07-09,0,35.6034,34.157738095238095
2009-07-10,0,32.2164,41.30569736842105
2009-07-11,0,32.2202,37.15571052631579
2009-07-12,0,33.92,39.1755
2009-07-13,0,32.2278,40.25903289473684
2009-07-14,0,30.535200000000003,40.10726388888889
2009-07-15,0,33.932,35.38199375
2009-07-16,0,33.936,37.179449999999996
2009-07-17,0,32.243,41.25532894736842
2009-07-18,0,35.6412,35.68864285714286
2009-07-19,0,33.948,33.3123
2009-07-20,0,32.2544,38.16736842105263
2009-07-21,0,35.6538,34.12506547619048
2009-07-22,0,33.96,33.895500000000006
2009-07-23,0,35.6622,32.21583928571428
2009-07-24,0,30.571199999999997,39.503750000000004
2009-07-25,0,30.574799999999996,37.35225
2009-07-26,0,35.6748,31.6085
2009-07-27,0,33.98,39.44221875
2009-07-28,0,33.984,33.12285
2009-07-29,0,30.5892,39.680618055555556
2009-07-30,0,30.5928,40.88177777777778
2009-07-31,0,33.996,38.16230625
2009-08-01,0,35.699999999999996,36.14285714285714
2009-08-02,0,35.7042,33.818416666666664
2009-08-03,0,35.708400000000005,32.589
2009-08-04,0,32.3114,38.746947368421054
2009-08-05,0,30.614400000000003,43.53944444444444
2009-08-06,0,35.721000000000004,30.81696428571428
2009-08-07,0,32.3228,40.57378947368421
2009-08-08,0,32.3266,37.7762697368421
2009-08-09,0,30.6288,42.83533333333333
2009-08-10,0,34.036,37.044593750000004
2009-08-11,0,35.742,37.54452380952381
2009-08-12,0,32.3418,39.45546710526316
2009-08-13,0,35.7504,36.38614285714286
2009-08-14,0,34.052,36.05008125
2009-08-15,0,32.3532,38.70825
2009-08-16,0,30.653999999999996,36.943958333333335
2009-08-17,0,34.064,33.324425
2009-08-18,0,30.6612,39.26977083333333
2009-08-19,0,34.072,38.441325
2009-08-20,0,32.3722,35.466394736842105
2009-08-21,0,35.784,32.36571428571428
2009-08-22,0,30.675600000000003,36.56317361111111
2009-08-23,0,35.7924,31.274
2009-08-24,0,35.796600000000005,37.72410714285714
2009-08-25,0,32.391200000000005,37.301368421052636
2009-08-26,0,32.395,39.27598684210526
2009-08-27,0,34.104,34.9381875
2009-08-28,0,30.697200000000002,41.785375
2009-08-29,0,30.7008,40.82833333333333
2009-08-30,0,35.821799999999996,32.871375
2009-08-31,0,32.414,40.355
2009-09-01,0,32.4178,36.110236842105266
2009-09-02,0,30.7152,43.084833333333336
2009-09-03,0,32.425399999999996,37.78575
2009-09-04,0,32.429199999999994,37.78902631578947
2009-09-05,0,32.433,34.90855263157895
2009-09-06,0,34.144,35.4732
2009-09-07,0,30.7332,38.13619444444444
2009-09-08,0,35.8596,36.88039285714286
2009-09-09,0,35.8638,36.128059523809526
2009-09-10,0,34.16,33.465999999999994
2009-09-11,0,35.87220000000001,31.46296428571429
2009-09-12,0,32.4596,38.650513157894736
2009-09-13,0,32.4634,35.00870394736842
2009-09-14,0,34.176,35.0649
2009-09-15,0,32.471000000000004,36.98957236842105
2009-09-16,0,30.7656,42.97677777777778
2009-09-17,0,34.188,35.3626875
2009-09-18,0,34.192,33.63355
2009-09-19,0,34.196,33.85300625
2009-09-20,0,35.91,32.24375
2009-09-21,0,32.4938,40.580486842105266
2009-09-22,0,35.9184,33.211999999999996
2009-09-23,0,32.5014,34.50698684210526
2009-09-24,0,35.9268,33.42407142857143
2009-09-25,0,35.931,34.04598214285714
2009-09-26,0,30.8016,37.557
2009-09-27,0,34.228,35.898931250000004
2009-09-28,0,30.8088,42.86091666666667
2009-09-29,0,30.8124,39.252437500000006
2009-09-30,0,30.816,37.48972222222222
2009-10-01,0,30.8196,42.310048611111114
2009-10-02,0,34.248000000000005,32.807174999999994
2009-10-03,0,30.826800000000002,36.77676388888889
2009-10-04,0,35.9688,34.62316666666667
2009-10-05,0,30.834000000000003,37.265
2009-10-06,0,32.5508,40.55709210526316
2009-10-07,0,30.8412,36.22720138888889
2009-10-08,0,35.9856,34.49742857142857
2009-10-09,0,30.848399999999998,41.77694444444444
2009-10-10,0,30.852,41.378819444444446
2009-10-11,0,30.8556,43.95372916666667
2009-10-12,0,30.859199999999998,41.30561111111111
2009-10-13,0,36.0066,34.99454761904762
2009-10-14,0,36.010799999999996,36.09985714285714
2009-10-15,0,32.584999999999994,35.02960526315789
2009-10-16,0,32.5888,36.7081052631579
2009-10-17,0,36.0234,34.455357142857146
2009-10-18,0,34.312,35.8194375
2009-10-19,0,30.8844,39.64199305555556
2009-10-20,0,30.887999999999998,42.86208333333333
2009-10-21,0,32.6078,38.78111184210526
2009-10-22,0,32.6116,40.46080263157895
2009-10-23,0,36.0486,35.16267857142857
2009-10-24,0,36.052800000000005,34.33828571428572
2009-10-25,0,32.623000000000005,39.709111842105266
2009-10-26,0,36.0612,31.930464285714287
2009-10-27,0,34.348,38.3819375
2009-10-28,0,34.352000000000004,34.1846
2009-10-29,0,34.356,35.41888125
2009-10-30,0,30.924,39.03576388888889
2009-10-31,0,30.927599999999998,36.78532638888889
2009-11-01,0,32.6496,40.495736842105266
2009-11-02,0,30.9348,43.071215277777775
2009-11-03,0,32.657199999999996,37.52794736842105
2009-11-04,0,34.379999999999995,37.393875
2009-11-05,0,34.384,38.194325
2009-11-06,0,32.6686,39.97913157894737
2009-11-07,0,32.6724,38.38022368421052
2009-11-08,0,32.6762,37.62044078947368
2009-11-09,0,142.76,8.665060240963856
2009-11-10,0,122.13419999999999,10.23257218309859
2009-11-11,0,130.7504,9.14039144736842
2009-11-12,0,127.32440000000001,9.741032094594594
2009-11-13,0,139.3848,9.67
2009-11-14,0,117.028,11.605
2009-11-15,0,137.696,9.8651
2009-11-16,0,154.92600000000002,8.447316666666666
2009-11-17,0,134.2848,10.008179487179488
2009-11-18,0,136.0222,9.312916139240505
2009-11-19,0,148.09199999999998,8.87625
2009-11-20,0,130.8872,8.803735197368422
2009-11-21,0,129.18,9.98632
2009-11-22,0,130.9176,9.091756578947368
2009-11-23,0,120.59599999999999,11.0333
2009-11-24,0,117.16399999999999,11.55094669117647
2009-11-25,0,124.07039999999999,9.417833333333332
2009-11-26,0,127.5316,9.222956081081083
2009-11-27,0,129.27,9.836573333333334
2009-11-28,0,136.1802,9.964395569620253
2009-11-29,0,143.09199999999998,8.015
2009-11-30,0,148.28119999999998,8.25969331395349
2009-12-01,0,144.8496,7.938241071428571
2009-12-02,0,139.6926,9.703770061728397
2009-12-03,0,136.25920000000002,9.545658227848103
2009-12-04,0,144.9,8.632254464285715
2009-12-05,0,139.7412,9.688333333333333
2009-12-06,0,141.4828,7.975838414634146
2009-12-07,0,134.5968,8.758269230769232
2009-12-08,0,129.435,10.659916666666666
2009-12-09,0,34.519999999999996,32.85475
2009-12-10,0,31.0716,37.23535416666667
2009-12-11,0,32.8016,37.03873684210526
2009-12-12,0,31.078799999999998,39.180590277777775
2009-12-13,0,34.536,39.701025
2009-12-14,0,34.54,35.55946875
2009-12-15,0,32.8168,37.97010526315789
2009-12-16,0,32.8206,34.75788157894737
2009-12-17,0,31.0968,40.086444444444446
2009-12-18,0,31.1004,44.131208333333326
2009-12-19,0,34.56,39.285000000000004
2009-12-20,0,31.107599999999998,42.036944444444444
2009-12-21,0,36.296400000000006,34.926
2009-12-22,0,31.114800000000002,42.04416666666667
2009-12-23,0,32.8472,41.060421052631575
2009-12-24,0,32.851,40.98733552631579
2009-12-25,0,32.854800000000004,40.83761842105264
2009-12-26,0,34.588,35.232175
2009-12-27,0,31.1328,43.275555555555556
2009-12-28,0,34.596000000000004,37.058381250000004
2009-12-29,0,36.33,31.482738095238098
2009-12-30,0,32.8738,36.792631578947365
2009-12-31,0,36.3384,36.55121428571429
2010-01-01,0,31.150799999999997,43.05136111111111
2010-01-02,0,32.8852,38.64221052631579
2010-01-03,0,34.62,39.626999999999995
2010-01-04,0,34.623999999999995,33.583850000000005
2010-01-05,0,32.8966,38.80553947368421
2010-01-06,0,31.1688,39.345749999999995
2010-01-07,0,36.3678,36.98956547619047
2010-01-08,0,36.372,37.47857142857143
2010-01-09,0,36.3762,34.42771428571429
2010-01-10,0,31.183200000000003,40.41206944444444
2010-01-11,0,31.1868,40.982486111111115
2010-01-12,0,32.9232,35.759368421052635
2010-01-13,0,32.927,40.44378289473684
2010-01-14,0,36.3972,33.678630952380956
2010-01-15,0,36.4014,38.056642857142855
2010-01-16,0,34.672,36.972975
2010-01-17,0,32.9422,37.15655263157895
2010-01-18,0,34.68,36.46875
2010-01-19,0,31.2156,42.226326388888886
2010-01-20,0,32.9536,39.08584210526316
2010-01-21,0,31.2228,38.423625
2010-01-22,0,32.9612,40.935802631578944
2010-01-23,0,36.434999999999995,35.09449404761905
2010-01-24,0,31.233599999999996,42.40658333333334
2010-01-25,0,31.2372,42.89675694444444
2010-01-26,0,34.712,37.953500000000005
2010-01-27,0,32.9802,38.11042105263158
2010-01-28,0,32.984,36.19263157894737
2010-01-29,0,36.4602,31.914160714285718
2010-01-30,0,31.255200000000002,42.834
2010-01-31,0,36.4686,36.926625
2010-02-01,0,32.9992,39.58723684210526
2010-02-02,0,31.266000000000002,37.083645833333335
2010-02-03,0,36.4812,32.275619047619045
2010-02-04,0,33.010600000000004,37.67519736842105
2010-02-05,0,33.0144,39.370105263157896
2010-02-06,0,33.0182,41.68051315789474
2010-02-07,0,33.022,35.76217105263158
2010-02-08,0,34.763999999999996,33.97696875
2010-02-09,0,34.768,35.514450000000004
2010-02-10,0,33.0334,42.233269736842104
2010-02-11,0,36.5148,37.17021428571428
2010-02-12,0,36.519,37.31261904761905
2010-02-13,0,34.784,36.769299999999994
2010-02-14,0,34.788,34.28683125
2010-02-15,0,36.5316,37.46145238095239
2010-02-16,0,34.796,34.51205
2010-02-17,0,33.06,41.873684210526314
2010-02-18,0,34.804,37.37006875
2010-02-19,0,33.0676,38.955342105263156
2010-02-20,0,31.330800000000004,44.1300625
2010-02-21,0,31.334400000000002,42.670833333333334
2010-02-22,0,34.82,36.87075
2010-02-23,0,31.3416,41.78391666666667
2010-02-24,0,36.5694,33.309202380952385
2010-02-25,0,31.3488,38.051
2010-02-26,0,33.0942,38.74754605263158
2010-02-27,0,34.84,39.0089375
2010-02-28,0,31.3596,39.68727777777778
2010-03-01,0,33.105599999999995,39.83621052631579
2010-03-02,0,33.1094,37.296657894736846
2010-03-03,0,34.855999999999995,36.60625
2010-03-04,0,36.602999999999994,33.12276785714286
2010-03-05,0,34.864,39.175375
2010-03-06,0,36.611399999999996,35.56946428571428
2010-03-07,0,36.6156,32.15475
2010-03-08,0,33.1322,39.62872368421053
2010-03-09,0,36.624,33.90428571428571
2010-03-10,0,34.884,35.675793750000004
2010-03-11,0,33.1436,36.785486842105264
2010-03-12,0,34.892,34.069968749999994
2010-03-13,0,34.896,38.029725
2010-03-14,0,36.645,35.52395833333333
2010-03-15,0,34.904,36.204024999999994
2010-03-16,0,33.1626,40.658743421052634
2010-03-17,0,34.912,37.0898
2010-03-18,0,33.1702,41.36015789473684
2010-03-19,0,36.666,34.28232142857143
2010-03-20,0,31.4316,40.97703472222222
2010-03-21,0,31.4352,39.10666666666667
2010-03-22,0,36.678599999999996,34.64028571428572
2010-03-23,0,36.6828,37.43704761904762
2010-03-24,0,31.445999999999998,44.16923611111111
2010-03-25,0,31.449599999999997,39.609
2010-03-26,0,31.453199999999995,39.938402777777775
2010-03-27,0,31.4568,37.74093055555555
2010-03-28,0,36.7038,34.51825
2010-03-29,0,36.708,37.31642857142857
2010-03-30,0,36.7122,36.55085119047619
2010-03-31,0,34.967999999999996,38.7486
2010-04-01,0,36.720600000000005,33.13203571428572
2010-04-02,0,34.976,36.920199999999994
2010-04-03,0,33.231,36.93493421052632
2010-04-04,0,36.733200000000004,33.90958333333334
2010-04-05,0,34.988,35.31441875
2010-04-06,0,36.7416,35.66357142857143
2010-04-07,0,31.4964,39.000152777777785
2010-04-08,0,33.25,37.182565789473685
2010-04-09,0,31.5036,39.17
2010-04-10,0,31.507199999999997,43.74355555555555
2010-04-11,0,35.012,39.2256375
2010-04-12,0,31.5144,43.751
2010-04-13,0,36.771,38.48363095238095
2010-04-14,0,31.5216,41.146
2010-04-15,0,33.276599999999995,39.679874999999996
2010-04-16,0,36.7836,34.36415476190476
2010-04-17,0,31.5324,38.78836805555556
2010-04-18,0,31.536,44.50833333333333
2010-04-19,0,33.2918,37.14
2010-04-20,0,31.5432,42.06548611111111
2010-04-21,0,31.546800000000005,37.903
2010-04-22,0,35.056000000000004,39.188824999999994
2010-04-23,0,35.06,37.28034375000001
2010-04-24,0,35.064,37.2835125
2010-04-25,0,35.068,36.771875
2010-04-26,0,36.8256,34.603523809523814
2010-04-27,0,35.076,36.85168125
2010-04-28,0,36.834,35.73035714285714
2010-04-29,0,31.5756,37.847034722222226
2010-04-30,0,35.088,39.509775000000005
2010-05-01,0,31.5828,41.45077083333334
2010-05-02,0,35.096,36.646575
2010-05-03,0,35.099999999999994,34.736250000000005
2010-05-04,0,36.859199999999994,38.34209523809524
2010-05-05,0,31.597199999999997,37.78454166666667
2010-05-06,0,31.6008,42.531666666666666
2010-05-07,0,33.3602,35.18201315789474
2010-05-08,0,36.876,35.339999999999996
2010-05-09,0,31.6116,41.9698125
2010-05-10,0,36.8844,34.92521428571429
2010-05-11,0,35.132000000000005,39.84126875
2010-05-12,0,35.136,36.088499999999996
2010-05-13,0,35.14,34.54478125
2010-05-14,0,31.629600000000003,37.24048611111111
2010-05-15,0,31.633200000000002,41.581916666666665
2010-05-16,0,31.6368,40.11194444444445
2010-05-17,0,33.3982,41.95953289473684
2010-05-18,0,36.918,37.61571428571428
2010-05-19,0,35.164,36.33101875
2010-05-20,0,36.9264,34.88466666666667
2010-05-21,0,36.9306,31.79898214285714
2010-05-22,0,31.6584,45.04652777777778
2010-05-23,0,36.939,32.015
2010-05-24,0,36.9432,36.65185714285714
2010-05-25,0,33.428599999999996,35.313388157894735
2010-05-26,0,36.9516,38.41372619047619
2010-05-27,0,31.6764,40.804875
2010-05-28,0,35.2,33.4825
2010-05-29,0,35.204,37.17315
2010-05-30,0,35.208,39.462937499999995
2010-05-31,0,33.45140000000001,39.21391447368421
2010-06-01,0,31.6944,40.65822222222223
2010-06-02,0,31.698,36.890625
2010-06-03,0,33.4628,41.01031578947369
2010-06-04,0,35.228,33.649950000000004
2010-06-05,0,36.9936,34.580571428571425
2010-06-06,0,33.4742,39.07846710526316
2010-06-07,0,33.478,41.72348684210527
2010-06-08,0,35.244,40.378856250000005
2010-06-09,0,37.0104,38.52961904761904
2010-06-10,0,35.251999999999995,34.110037500000004
2010-06-11,0,37.0188,34.52782142857143
2010-06-12,0,31.733999999999998,38.39875
2010-06-13,0,33.5008,41.744684210526316
2010-06-14,0,33.504599999999996,37.08361184210526
2010-06-15,0,37.035599999999995,34.32847619047619
2010-06-16,0,37.0398,35.87910714285714
2010-06-17,0,37.044,35.60071428571429
2010-06-18,0,31.7556,41.86604166666666
2010-06-19,0,37.0524,35.18452380952381
2010-06-20,0,37.056599999999996,33.217
2010-06-21,0,37.0608,32.58638095238095
2010-06-22,0,31.770000000000003,39.66302083333333
2010-06-23,0,33.5388,37.96768421052632
2010-06-24,0,35.308,35.9245125
2010-06-25,0,31.7808,44.51927777777777
2010-06-26,0,33.550200000000004,37.743848684210526
2010-06-27,0,33.554,39.14796052631579
2010-06-28,0,31.7916,37.30051388888889
2010-06-29,0,37.0944,32.39714285714286
2010-06-30,0,35.332,36.01669375
2010-07-01,0,35.336,40.53145
2010-07-02,0,31.805999999999997,41.09375000000001
2010-07-03,0,35.343999999999994,36.987500000000004
2010-07-04,0,37.115399999999994,32.19945833333333
2010-07-05,0,33.584399999999995,35.35823684210526
2010-07-06,0,37.1238,37.278755952380955
2010-07-07,0,37.128,35.23809523809524
2010-07-08,0,37.1322,38.27180357142858
2010-07-09,0,33.5996,36.77252631578948
2010-07-10,0,31.834799999999998,42.026201388888886
2010-07-11,0,35.376000000000005,33.60735
2010-07-12,0,37.149,32.15071428571429
2010-07-13,0,35.384,35.0197375
2010-07-14,0,31.849200000000003,39.07864583333333
2010-07-15,0,33.6224,40.37673684210526
2010-07-16,0,31.8564,38.426965277777775
2010-07-17,0,33.63,39.29210526315789
2010-07-18,0,31.863599999999998,37.28127083333333
2010-07-19,0,37.178399999999996,35.556
2010-07-20,0,37.1826,37.95782142857143
2010-07-21,0,31.874399999999998,41.900597222222224
2010-07-22,0,33.649,37.43684210526316
2010-07-23,0,37.1952,36.69714285714286
2010-07-24,0,35.428,33.570131249999996
2010-07-25,0,35.431999999999995,38.686725
2010-07-26,0,33.6642,38.07363157894737
2010-07-27,0,31.896,42.58069444444444
2010-07-28,0,35.444,38.47411875
2010-07-29,0,33.6756,41.28288157894737
2010-07-30,0,35.452,39.37033125
2010-07-31,0,31.910400000000003,40.535333333333334
2010-08-01,0,37.233000000000004,37.360625
2010-08-02,0,35.464,38.564499999999995
2010-08-03,0,37.2414,33.76444047619048
2010-08-04,0,31.9248,45.32916666666667
2010-08-05,0,31.9284,41.62392361111111
2010-08-06,0,35.480000000000004,36.42606250000001
2010-08-07,0,33.7098,36.159690789473686
2010-08-08,0,37.2624,33.99066666666667
2010-08-09,0,37.2666,35.54832738095239
2010-08-10,0,37.2708,37.954392857142864
2010-08-11,0,33.725,38.90625
2010-08-12,0,35.504,33.99505
2010-08-13,0,35.507999999999996,40.01064374999999
2010-08-14,0,31.9608,45.367361111111116
2010-08-15,0,37.2918,35.283458333333336
2010-08-16,0,37.296,32.88214285714285
2010-08-17,0,37.3002,37.34028571428571
2010-08-18,0,33.751599999999996,35.17697368421053
2010-08-19,0,33.7554,38.463394736842105
2010-08-20,0,33.7592,40.968526315789475
2010-08-21,0,35.540000000000006,35.06075
2010-08-22,0,35.544000000000004,39.66952499999999
2010-08-23,0,33.7706,40.275032894736846
2010-08-24,0,35.552,37.0757
2010-08-25,0,32.0004,45.244249999999994
2010-08-26,0,37.338,32.202083333333334
2010-08-27,0,37.3422,36.02689880952381
2010-08-28,0,37.3464,37.657999999999994
2010-08-29,0,32.0148,40.96477777777778
2010-08-30,0,33.7972,35.995
2010-08-31,0,37.358999999999995,36.32223214285714
2010-09-01,0,33.8048,39.522894736842105
2010-09-02,0,33.8086,40.23064473684211
2010-09-03,0,33.8124,40.547131578947365
2010-09-04,0,33.8162,35.38386842105263
2010-09-05,0,35.6,35.923125
2010-09-06,0,37.3842,38.39489285714286
2010-09-07,0,32.0472,43.80597222222222
2010-09-08,0,32.0508,41.6605
2010-09-09,0,37.396800000000006,37.55428571428571
2010-09-10,0,33.839000000000006,40.962598684210526
2010-09-11,0,32.0616,38.11573611111111
2010-09-12,0,33.8466,36.26934868421053
2010-09-13,0,32.0688,42.83572222222222
2010-09-14,0,32.0724,42.59121527777777
2010-09-15,0,37.422,33.60321428571429
2010-09-16,0,35.644,36.10521875
2010-09-17,0,37.4304,38.28857142857143
2010-09-18,0,35.652,35.66454375
2010-09-19,0,37.4388,34.53641666666667
2010-09-20,0,33.876999999999995,39.899572368421055
2010-09-21,0,37.447199999999995,32.981785714285714
2010-09-22,0,32.1012,43.28188194444444
2010-09-23,0,37.4556,33.980488095238094
2010-09-24,0,32.1084,41.882041666666666
2010-09-25,0,32.112,44.45166666666667
2010-09-26,0,35.684,39.26479375
2010-09-27,0,33.9036,35.68756578947368
2010-09-28,0,35.692,34.94929375
2010-09-29,0,37.4808,35.70102380952381
2010-09-30,0,37.485,34.92321428571429
2010-10-01,0,35.704,39.281262500000004
2010-10-02,0,32.1372,38.597097222222224
2010-10-03,0,37.4976,35.287000000000006
2010-10-04,0,37.5018,38.6272380952381
2010-10-05,0,33.934,38.38006578947368
2010-10-06,0,37.5102,34.65671428571429
2010-10-07,0,32.1552,38.03325
2010-10-08,0,33.9454,39.72432894736842
2010-10-09,0,37.5228,38.85653571428572
2010-10-10,0,33.952999999999996,40.75174342105263
2010-10-11,0,32.169599999999996,42.43911111111111
2010-10-12,0,37.535399999999996,34.88730357142857
2010-10-13,0,37.5396,38.94061904761905
2010-10-14,0,32.1804,38.221381944444445
2010-10-15,0,32.184,45.604166666666664
2010-10-16,0,32.1876,43.12027777777777
2010-10-17,0,32.1912,43.53854166666667
2010-10-18,0,35.772,40.232981249999995
2010-10-19,0,32.1984,39.23272222222222
2010-10-20,0,32.202000000000005,42.222256944444446
2010-10-21,0,35.784000000000006,33.822112499999996
2010-10-22,0,37.577400000000004,32.92536309523809
2010-10-23,0,35.792,35.39595
2010-10-24,0,34.0062,41.90011184210527
2010-10-25,0,34.01,43.16151315789474
2010-10-26,0,35.804,40.409318750000004
2010-10-27,0,35.808,38.4705
2010-10-28,0,37.6026,34.64947023809523
2010-10-29,0,35.816,37.505675000000004
2010-10-30,0,35.82,37.957125
2010-10-31,0,35.824,40.0526
2010-11-01,0,37.6194,38.290869047619054
2010-11-02,0,32.248799999999996,41.769958333333335
2010-11-03,0,35.836,36.99815625
2010-11-04,0,157.696,9.241818181818182
2010-11-05,0,132.6228,9.354633445945947
2010-11-06,0,152.354,9.534417647058824
2010-11-07,0,150.5784,9.043458333333334
2010-11-08,0,129.0816,9.886916666666666
2010-11-09,0,157.78400000000002,8.072975852272727
2010-11-10,0,123.7308,9.906634057971015
2010-11-11,0,143.472,9.741885937500001
2010-11-12,0,125.552,10.536114285714286
2010-11-13,0,136.3288,9.52795394736842
2010-11-14,0,121.992,9.923658088235296
2010-11-15,0,154.3012,8.195263081395348
2010-11-16,0,157.9072,8.298772727272727
2010-11-17,0,163.30859999999998,7.4337857142857136
2010-11-18,0,134.60999999999999,10.41738
2010-11-19,0,141.805,9.000197784810126
2010-11-20,0,129.2544,11.185916666666666
2010-11-21,0,125.678,10.993174999999999
2010-11-22,0,134.67,10.48075
2010-11-23,0,138.27659999999997,10.539964285714285
2010-11-24,0,147.272,8.291036585365854
2010-11-25,0,127.53020000000001,11.031801056338029
2010-11-26,0,125.748,10.591232142857143
2010-11-27,0,158.1008,7.761715909090909
2010-11-28,0,163.5088,8.642307692307693
2010-11-29,0,122.19600000000001,10.530937499999999
2010-11-30,0,122.20960000000001,11.258908088235295
2010-12-01,0,149.1842,9.640147590361446
2010-12-02,0,125.83200000000001,10.061357142857142
2010-12-03,0,160.0042,9.109619382022473
2010-12-04,0,37.758,34.114404761904765
2010-12-05,0,35.964,40.09490625
2010-12-06,0,37.7664,32.335571428571434
2010-12-07,0,32.3748,44.55732638888889
2010-12-08,0,37.7748,32.555142857142854
2010-12-09,0,34.181,40.562039473684216
2010-12-10,0,35.983999999999995,40.861375
2010-12-11,0,34.1886,38.832394736842105
2010-12-12,0,37.791599999999995,34.63708333333334
2010-12-13,0,34.1962,36.78640789473685
2010-12-14,0,32.4,42.833333333333336
2010-12-15,0,34.2038,40.74023684210527
2010-12-16,0,36.008,36.8311375
2010-12-17,0,36.012,39.08476875
2010-12-18,0,34.215199999999996,42.724763157894735
2010-12-19,0,34.219,38.85828947368421
2010-12-20,0,34.2228,40.44126315789474
2010-12-21,0,32.425200000000004,41.69097222222222
2010-12-22,0,32.4288,42.52833333333333
2010-12-23,0,34.2342,37.844151315789475
2010-12-24,0,36.04,37.53125
2010-12-25,0,37.8462,37.10541071428571
2010-12-26,0,36.048,40.2402
2010-12-27,0,37.8546,36.25351785714285
2010-12-28,0,34.2532,40.46821052631579
2010-12-29,0,37.863,39.04875
2010-12-30,0,37.8672,35.547333333333334
2010-12-31,0,37.871399999999994,35.97947023809524
2011-01-01,0,36.071999999999996,39.809625000000004
2011-01-02,0,34.2722,40.564125
2011-01-03,0,36.08,38.01325
2011-01-04,0,34.2798,41.361730263157895
2011-01-05,0,36.088,34.7886625
2011-01-06,0,32.4828,42.24748611111111
2011-01-07,0,34.291199999999996,37.495894736842104
2011-01-08,0,36.1,36.8265625
2011-01-09,0,36.104,37.430924999999995
2011-01-10,0,32.4972,43.01322916666667
2011-01-11,0,32.5008,45.4391111111111
2011-01-12,0,36.116,36.989175
2011-01-13,0,37.926,38.95428571428572
2011-01-14,0,32.5116,38.85010416666666
2011-01-15,0,36.128,39.48
2011-01-16,0,32.5188,45.12375
2011-01-17,0,36.135999999999996,37.455825
2011-01-18,0,36.14,33.998875000000005
2011-01-19,0,32.5296,39.95283333333334
2011-01-20,0,37.9554,36.82748809523809
2011-01-21,0,36.152,40.62825
2011-01-22,0,32.5404,43.8921875
2011-01-23,0,34.352000000000004,40.87263157894737
2011-01-24,0,32.5476,44.568423611111115
2011-01-25,0,34.3596,38.50271052631579
2011-01-26,0,32.5548,38.72159027777777
2011-01-27,0,32.5584,38.975722222222224
2011-01-28,0,32.562000000000005,39.731770833333336
2011-01-29,0,36.184000000000005,34.9334
2011-01-30,0,36.188,39.9056875
2011-01-31,0,32.5728,41.58233333333333
2011-02-01,0,32.5764,43.84497222222222
2011-02-02,0,34.39,39.32105263157895
2011-02-03,0,34.3938,37.50080921052632
2011-02-04,0,34.3976,43.212763157894734
2011-02-05,0,38.0226,33.21749404761905
2011-02-06,0,36.216,39.401512499999995
2011-02-07,0,38.031,35.806220238095236
2011-02-08,0,34.4128,37.595684210526315
2011-02-09,0,34.416599999999995,39.81982894736842
2011-02-10,0,32.608799999999995,41.951791666666665
2011-02-11,0,38.047799999999995,36.17700000000001
2011-02-12,0,32.616,44.973749999999995
2011-02-13,0,34.4318,40.705875
2011-02-14,0,36.248,36.18600000000001
2011-02-15,0,38.0646,37.98408928571428
2011-02-16,0,32.6304,43.732
2011-02-17,0,32.634,43.48427083333333
2011-02-18,0,38.077200000000005,37.56260714285714
2011-02-19,0,36.268,38.68981875
2011-02-20,0,38.0856,36.49133333333333
2011-02-21,0,38.089800000000004,33.11791071428571
2011-02-22,0,32.652,40.903888888888886
2011-02-23,0,36.284,35.0059
2011-02-24,0,34.4736,39.07515789473684
2011-02-25,0,34.4774,40.50809210526316
2011-02-26,0,36.296,34.561825
2011-02-27,0,34.485,41.30921052631579
2011-02-28,0,38.1192,38.45630952380952
2011-03-01,0,36.308,41.212762500000004
2011-03-02,0,38.1276,33.28639285714286
2011-03-03,0,36.315999999999995,40.6156375
2011-03-04,0,32.687999999999995,43.79
2011-03-05,0,34.5078,36.719881578947366
2011-03-06,0,36.328,39.4930375
2011-03-07,0,36.332,39.64734375
2011-03-08,0,32.7024,40.95133333333333
2011-03-09,0,38.157,38.0533630952381
2011-03-10,0,38.1612,35.39471428571429
2011-03-11,0,34.5306,41.11170394736842
2011-03-12,0,32.7168,41.63644444444445
2011-03-13,0,36.356,40.800375
2011-03-14,0,34.542,39.37203947368421
2011-03-15,0,36.364000000000004,40.504850000000005
2011-03-16,0,34.5496,38.66257894736842
2011-03-17,0,34.553399999999996,38.267980263157895
2011-03-18,0,32.7384,37.87773611111112
2011-03-19,0,34.561,41.53677631578947
2011-03-20,0,38.203199999999995,38.088
2011-03-21,0,38.2074,37.58710714285715
2011-03-22,0,36.391999999999996,39.545337499999995
2011-03-23,0,32.7564,39.48979166666667
2011-03-24,0,36.4,36.14875
2011-03-25,0,34.583800000000004,43.78651315789473
2011-03-26,0,32.7672,44.54208333333333
2011-03-27,0,32.7708,39.50284722222222
2011-03-28,0,38.2368,38.25728571428571
2011-03-29,0,38.241,34.58571428571429
2011-03-30,0,38.245200000000004,34.156214285714285
2011-03-31,0,32.7852,43.719722222222224
2011-04-01,0,34.6104,43.41355263157895
2011-04-02,0,32.7924,42.29740972222222
2011-04-03,0,38.262,34.52791666666666
2011-04-04,0,32.7996,37.930979166666674
2011-04-05,0,38.2704,37.633714285714284
2011-04-06,0,32.8068,43.65727083333333
2011-04-07,0,36.456,35.5091625
2011-04-08,0,38.283,32.88357142857143
2011-04-09,0,34.6408,39.61613157894737
2011-04-10,0,38.291399999999996,32.74475
2011-04-11,0,32.824799999999996,40.47748611111111
2011-04-12,0,32.828399999999995,39.13427083333333
2011-04-13,0,34.656,41.62263157894737
2011-04-14,0,34.659800000000004,43.53990789473684
2011-04-15,0,34.6636,42.66625
2011-04-16,0,36.492,35.53554375
2011-04-17,0,32.8464,39.403
2011-04-18,0,38.324999999999996,37.601934523809526
2011-04-19,0,38.3292,34.21264285714286
2011-04-20,0,38.333400000000005,34.07109523809523
2011-04-21,0,34.6864,38.298947368421054
2011-04-22,0,34.690200000000004,42.37170394736842
2011-04-23,0,34.694,38.38506578947368
2011-04-24,0,32.8716,40.60515277777778
2011-04-25,0,32.8752,42.125
2011-04-26,0,36.532,36.702324999999995
2011-04-27,0,38.3628,33.44072619047619
2011-04-28,0,36.54,40.0455
2011-04-29,0,34.7168,37.925
2011-04-30,0,38.3754,37.06119642857143
2011-05-01,0,38.379599999999996,39.7375
2011-05-02,0,38.383799999999994,38.00663095238095
2011-05-03,0,38.388,35.69738095238095
2011-05-04,0,34.7358,43.452
2011-05-05,0,36.568,34.149375
2011-05-06,0,36.572,41.21030625
2011-05-07,0,34.7472,40.58652631578947
2011-05-08,0,32.922,43.51958333333334
2011-05-09,0,34.7548,38.67542105263158
2011-05-10,0,38.4174,36.51330357142857
2011-05-11,0,32.9328,38.806111111111115
2011-05-12,0,34.766200000000005,40.76309210526316
2011-05-13,0,34.77,42.76480263157895
2011-05-14,0,38.434200000000004,38.55049404761905
2011-05-15,0,36.608000000000004,40.32945
2011-05-16,0,34.7814,39.73711184210526
2011-05-17,0,32.9544,43.97384722222222
2011-05-18,0,34.789,43.90194078947369
2011-05-19,0,32.9616,45.33174999999999
2011-05-20,0,32.965199999999996,42.127381944444444
2011-05-21,0,32.9688,38.92248611111111
2011-05-22,0,34.804199999999994,36.477
2011-05-23,0,34.808,39.68
2011-05-24,0,36.644,34.506837499999996
2011-05-25,0,38.4804,38.15103571428571
2011-05-26,0,34.8194,37.52925657894737
2011-05-27,0,34.8232,42.17386842105263
2011-05-28,0,32.994,41.39479166666666
2011-05-29,0,34.8308,39.77961842105263
2011-05-30,0,36.668000000000006,37.5656125
2011-05-31,0,34.8384,36.02368421052632
2011-06-01,0,34.842200000000005,43.472151315789475
2011-06-02,0,38.514,37.234404761904756
2011-06-03,0,33.0156,44.119875
2011-06-04,0,38.5224,34.19752380952381
2011-06-05,0,38.5266,33.693125
2011-06-06,0,38.5308,36.304607142857144
2011-06-07,0,34.865,40.04934210526316
2011-06-08,0,33.0336,39.74111111111111
2011-06-09,0,34.8726,39.495138157894736
2011-06-10,0,36.711999999999996,34.9356375
2011-06-11,0,38.5518,34.79714285714286
2011-06-12,0,36.72,39.81337499999999
2011-06-13,0,36.724000000000004,36.92365625
2011-06-14,0,33.0552,44.921125
2011-06-15,0,38.5686,32.92310714285714
2011-06-16,0,33.0624,40.86716666666667
2011-06-17,0,38.577,35.539583333333326
2011-06-18,0,36.744,38.4620625
2011-06-19,0,33.0732,41.97744444444445
2011-06-20,0,33.076800000000006,39.94955555555555
2011-06-21,0,33.080400000000004,43.84654166666667
2011-06-22,0,34.922000000000004,38.81552631578948
2011-06-23,0,33.0876,46.22420833333333
2011-06-24,0,34.9296,37.538526315789476
2011-06-25,0,33.0948,39.11920833333333
2011-06-26,0,34.9372,41.55586842105263
2011-06-27,0,36.78,36.585
2011-06-28,0,36.784,39.103424999999994
2011-06-29,0,36.788,40.555025
2011-06-30,0,33.1128,40.49058333333334
2011-07-01,0,38.635799999999996,39.64675
2011-07-02,0,34.959999999999994,37.402631578947364
2011-07-03,0,34.9638,40.215138157894735
2011-07-04,0,36.808,37.5974125
2011-07-05,0,36.812,40.26989999999999
2011-07-06,0,33.1344,44.9175
2011-07-07,0,38.661,39.811547619047616
2011-07-08,0,38.6652,32.76729761904762
2011-07-09,0,33.1452,42.978812500000004
2011-07-10,0,33.1488,43.660555555555554
2011-07-11,0,33.1524,44.76633333333333
2011-07-12,0,38.682,36.19392857142858
2011-07-13,0,33.1596,43.756083333333336
2011-07-14,0,35.0056,39.447973684210524
2011-07-15,0,33.1668,44.865812500000004
2011-07-16,0,36.856,41.5276
2011-07-17,0,33.174,39.52909722222222
2011-07-18,0,36.864,39.5493
2011-07-19,0,36.867999999999995,38.25448125
2011-07-20,0,38.715599999999995,36.58127380952381
2011-07-21,0,33.1884,39.71175
2011-07-22,0,33.192,41.07277777777777
2011-07-23,0,38.728199999999994,36.081047619047624
2011-07-24,0,36.888,39.721500000000006
2011-07-25,0,33.2028,40.14915972222222
2011-07-26,0,33.2064,41.17111111111111
2011-07-27,0,38.745,34.855803571428574
2011-07-28,0,36.903999999999996,36.295937499999994
2011-07-29,0,33.217200000000005,41.01139583333333
2011-07-30,0,33.220800000000004,43.13766666666667
2011-07-31,0,36.916000000000004,36.07555
2011-08-01,0,36.92,37.148625
2011-08-02,0,35.0778,43.61317105263158
2011-08-03,0,35.0816,39.754
2011-08-04,0,33.2388,45.448993055555555
2011-08-05,0,33.2424,45.622625
2011-08-06,0,38.787,36.632172619047616
2011-08-07,0,38.791199999999996,38.893
2011-08-08,0,33.2532,45.123937500000004
2011-08-09,0,35.1044,42.67197368421053
2011-08-10,0,38.803799999999995,37.08125595238096
2011-08-11,0,33.263999999999996,46.495000000000005
2011-08-12,0,38.8122,33.22557142857143
2011-08-13,0,38.8164,35.70583333333333
2011-08-14,0,36.972,39.56019375
2011-08-15,0,38.8248,34.32692857142857
2011-08-16,0,35.131,41.246315789473684
2011-08-17,0,38.8332,35.35303571428572
2011-08-18,0,33.2892,40.398090277777776
2011-08-19,0,35.1424,41.337
2011-08-20,0,38.845800000000004,32.955642857142855
2011-08-21,0,35.15,41.504934210526315
2011-08-22,0,33.3036,46.792013888888896
2011-08-23,0,35.1576,38.287499999999994
2011-08-24,0,33.3108,43.31095138888889
2011-08-25,0,38.8668,38.36669047619048
2011-08-26,0,35.169,41.6025
2011-08-27,0,33.3216,44.59822222222222
2011-08-28,0,33.325199999999995,45.453041666666664
2011-08-29,0,37.032,39.302212499999996
2011-08-30,0,37.036,36.16405
2011-08-31,0,37.04,35.40075
2011-09-01,0,38.89619999999999,35.177392857142856
2011-09-02,0,35.1956,44.36907894736842
2011-09-03,0,38.9046,35.986065476190475
2011-09-04,0,37.056,35.259
2011-09-05,0,37.06,38.634750000000004
2011-09-06,0,37.064,41.4744125
2011-09-07,0,33.361200000000004,42.5085625
2011-09-08,0,37.072,36.34395
2011-09-09,0,35.2222,41.165723684210526
2011-09-10,0,33.372,42.77458333333333
2011-09-11,0,35.229800000000004,44.32091447368421
2011-09-12,0,38.9424,32.87142857142857
2011-09-13,0,38.946600000000004,38.20701785714286
2011-09-14,0,35.2412,40.536500000000004
2011-09-15,0,35.245,37.79407894736842
2011-09-16,0,37.104,37.28835
2011-09-17,0,38.9634,38.87716666666667
2011-09-18,0,33.4008,38.624541666666666
2011-09-19,0,33.404399999999995,42.55014583333333
2011-09-20,0,38.976,38.22880952380953
2011-09-21,0,37.123999999999995,42.215937499999995
2011-09-22,0,37.128,36.999525000000006
2011-09-23,0,33.4188,42.30811111111112
2011-09-24,0,38.9928,36.852
2011-09-25,0,35.283,37.986513157894734
2011-09-26,0,33.4296,41.635888888888886
2011-09-27,0,37.148,37.93611249999999
2011-09-28,0,35.2944,40.9061052631579
2011-09-29,0,33.440400000000004,44.547625
2011-09-30,0,35.302,43.419276315789475
2011-10-01,0,39.0222,36.214553571428574
2011-10-02,0,33.4512,44.04633333333334
2011-10-03,0,39.0306,34.756994047619045
2011-10-04,0,35.3172,37.04376315789474
2011-10-05,0,39.039,33.664880952380955
2011-10-06,0,39.0432,38.7177619047619
2011-10-07,0,35.3286,37.94271710526316
2011-10-08,0,37.192,36.894
2011-10-09,0,37.196,39.433668749999995
2011-10-10,0,33.48,40.91458333333333
2011-10-11,0,39.0642,34.63317261904762
2011-10-12,0,37.208,38.44375
2011-10-13,0,35.3514,38.60875657894737
2011-10-14,0,35.3552,42.33547368421053
2011-10-15,0,33.498,40.24760416666667
2011-10-16,0,39.0852,37.504
2011-10-17,0,39.089400000000005,34.65006547619048
2011-10-18,0,39.0936,40.001
2011-10-19,0,37.236000000000004,42.23525625
2011-10-20,0,39.102000000000004,39.71440476190476
2011-10-21,0,33.519600000000004,43.686951388888886
2011-10-22,0,39.1104,39.57428571428572
2011-10-23,0,39.1146,35.03341666666667
2011-10-24,0,39.1188,37.455083333333334
2011-10-25,0,35.397,43.345559210526325
2011-10-26,0,35.4008,41.72855263157894
2011-10-27,0,33.541199999999996,41.655409722222224
2011-10-28,0,33.544799999999995,42.25758333333333
2011-10-29,0,39.1398,37.83692857142857
2011-10-30,0,134.208,11.635555555555555
2011-10-31,0,160.32119999999998,9.688460755813953
2011-11-01,0,143.5588,9.701574675324675
2011-11-02,0,137.9804,10.53283445945946
2011-11-03,0,145.4544,9.2035
2011-11-04,0,145.47,10.705368589743589
2011-11-05,0,141.7552,10.886615131578948
2011-11-06,0,132.4434,10.352075704225353
2011-11-07,0,141.78560000000002,9.550144736842105
2011-11-08,0,132.4718,10.549109154929578
2011-11-09,0,169.806,8.807142857142857
2011-11-10,0,169.82420000000002,8.587660714285713
2011-11-11,0,151.1784,9.26803086419753
2011-11-12,0,128.7954,12.087233695652174
2011-11-13,0,147.4772,10.343386075949367
2011-11-14,0,162.429,9.056300287356322
2011-11-15,0,156.8448,8.939928571428572
2011-11-16,0,156.8616,9.601563988095238
2011-11-17,0,169.95159999999998,8.117997252747253
2011-11-18,0,140.08499999999998,11.18736
2011-11-19,0,128.892,10.775144927536232
2011-11-20,0,158.797,9.019819117647058
2011-11-21,0,149.47199999999998,9.275784374999999
2011-11-22,0,151.35660000000001,9.066771604938273
2011-11-23,0,130.816,9.919285714285715
2011-11-24,0,151.389,9.296851851851851
2011-11-25,0,160.7512,8.936494186046511
2011-11-26,0,145.8132,10.82341185897436
2011-11-27,0,168.264,8.935149999999998
2011-11-28,0,130.886,10.121769642857142
2011-11-29,0,37.400000000000006,41.6040625
2011-11-30,0,33.6636,44.772375
2011-12-01,0,35.5376,41.60673684210526
2011-12-02,0,37.412,35.6692875
2011-12-03,0,35.5452,44.05176315789473
2011-12-04,0,33.678,39.295763888888885
2011-12-05,0,35.5528,39.587973684210525
2011-12-06,0,35.556599999999996,37.396184210526314
2011-12-07,0,39.303599999999996,37.29467857142857
2011-12-08,0,35.5642,43.74435526315789
2011-12-09,0,33.696,43.174166666666665
2011-12-10,0,39.316199999999995,35.832184523809524
2011-12-11,0,37.44799999999999,39.403875
2011-12-12,0,39.324600000000004,36.72105357142857
2011-12-13,0,35.5832,42.379236842105264
2011-12-14,0,35.587,38.640625
2011-12-15,0,39.3372,37.613249999999994
2011-12-16,0,35.5946,41.819986842105266
2011-12-17,0,37.472,35.9445
2011-12-18,0,39.3498,34.01475
2011-12-19,0,35.606,38.167960526315795
2011-12-20,0,33.735600000000005,41.838034722222226
2011-12-21,0,37.488,36.265425
2011-12-22,0,39.3666,34.541291666666666
2011-12-23,0,37.496,39.8288125
2011-12-24,0,37.5,38.8265625
2011-12-25,0,33.7536,46.06622222222223
2011-12-26,0,39.3834,35.952238095238094
2011-12-27,0,35.6364,39.00698684210526
2011-12-28,0,39.391799999999996,35.81067857142857
2011-12-29,0,35.644,41.619605263157894
2011-12-30,0,37.524,41.9406375
2011-12-31,0,33.7752,47.29236111111111
2012-01-01,0,35.6554,44.562506578947364
2012-01-02,0,39.4128,39.732000000000006
2012-01-03,0,33.786,45.58368055555555
2012-01-04,0,39.4212,38.63252380952381
2012-01-05,0,33.7932,42.924395833333335
2012-01-06,0,33.796800000000005,40.94922222222222
2012-01-07,0,39.433800000000005,36.57704761904762
2012-01-08,0,35.682,43.12046052631579
2012-01-09,0,35.6858,42.22722368421053
2012-01-10,0,33.8112,45.351277777777774
2012-01-11,0,33.8148,42.687000000000005
2012-01-12,0,39.4548,37.182
2012-01-13,0,37.58,36.875125
2012-01-14,0,33.8256,44.50508333333333
2012-01-15,0,33.8292,43.30340972222222
2012-01-16,0,37.592,39.0537
2012-01-17,0,37.596,38.66938125
2012-01-18,0,35.72,38.58684210526316
2012-01-19,0,39.484199999999994,35.06235119047619
2012-01-20,0,35.727599999999995,44.14132894736842
2012-01-21,0,35.7314,38.596177631578946
2012-01-22,0,39.4968,37.58116666666667
2012-01-23,0,39.501,34.48294642857143
2012-01-24,0,37.624,42.025324999999995
2012-01-25,0,35.7466,37.465875000000004
2012-01-26,0,35.750400000000006,37.550526315789476
2012-01-27,0,35.754200000000004,43.18658552631578
2012-01-28,0,33.876000000000005,42.74555555555556
2012-01-29,0,37.644000000000005,34.98350625
2012-01-30,0,33.8832,39.56325
2012-01-31,0,39.5346,38.347303571428576
2012-02-01,0,35.7732,40.508842105263156
2012-02-02,0,39.543,34.362946428571426
2012-02-03,0,37.664,40.6624
2012-02-04,0,33.9012,40.44147916666667
2012-02-05,0,37.672,42.065975
2012-02-06,0,37.676,38.42128125
2012-02-07,0,33.912,47.265
2012-02-08,0,35.7998,37.09956578947369
2012-02-09,0,33.9192,40.02644444444445
2012-02-10,0,39.5766,37.56478571428571
2012-02-11,0,37.696,36.650800000000004
2012-02-12,0,37.7,37.43031250000001
2012-02-13,0,39.5892,37.86971428571428
2012-02-14,0,39.5934,40.38775
2012-02-15,0,33.9408,38.837500000000006
2012-02-16,0,37.716,37.7530875
2012-02-17,0,33.948,43.07340277777777
2012-02-18,0,39.6102,37.95894642857143
2012-02-19,0,35.8416,41.794421052631584
2012-02-20,0,35.8454,38.03516447368421
2012-02-21,0,39.6228,39.44834523809524
2012-02-22,0,33.966,39.463854166666664
2012-02-23,0,35.8568,44.83505263157895
2012-02-24,0,37.748,35.134525000000004
2012-02-25,0,35.864399999999996,41.159960526315786
2012-02-26,0,39.6438,35.243833333333335
2012-02-27,0,39.647999999999996,34.87642857142857
2012-02-28,0,37.763999999999996,40.977543749999995
2012-02-29,0,35.879599999999996,43.05586842105264
2012-03-01,0,39.660599999999995,34.662642857142856
2012-03-02,0,37.776,39.1986
2012-03-03,0,34.002,40.61909722222222
2012-03-04,0,37.784,36.7157
2012-03-05,0,37.788,38.274525
2012-03-06,0,39.681599999999996,34.75066666666667
2012-03-07,0,39.6858,33.864244047619046
2012-03-08,0,35.910000000000004,43.16546052631578
2012-03-09,0,39.6942,36.16719047619048
2012-03-10,0,37.808,35.877325
2012-03-11,0,34.0308,42.634229166666664
2012-03-12,0,39.7068,33.80371428571429
2012-03-13,0,34.038,39.00836805555556
2012-03-14,0,34.0416,44.5475
2012-03-15,0,37.828,37.60456875
2012-03-16,0,39.7236,34.11119047619048
2012-03-17,0,37.836,35.43028125
2012-03-18,0,39.732,35.303333333333335
2012-03-19,0,34.059599999999996,40.325180555555555
2012-03-20,0,35.9556,38.451828947368426
2012-03-21,0,34.0668,42.8415625
2012-03-22,0,35.9632,43.050000000000004
2012-03-23,0,39.753,37.46919642857143
2012-03-24,0,35.9708,42.40080263157895
2012-03-25,0,34.0812,43.11504166666666
2012-03-26,0,37.872,36.93645
2012-03-27,0,34.0884,45.546486111111115
2012-03-28,0,34.092,46.589305555555555
2012-03-29,0,39.778200000000005,35.928357142857145
2012-03-30,0,39.7824,39.42042857142857
2012-03-31,0,37.892,42.48615624999999
2012-04-01,0,39.790800000000004,35.71425
2012-04-02,0,36.005,39.148519736842104
2012-04-03,0,34.1136,38.9875
2012-04-04,0,36.0126,37.266828947368424
2012-04-05,0,36.0164,38.82956578947368
2012-04-06,0,34.1244,47.31620833333333
2012-04-07,0,37.92,36.504
2012-04-08,0,34.1316,39.7831875
2012-04-09,0,37.928,42.048737499999994
2012-04-10,0,39.828599999999994,33.65951785714286
2012-04-11,0,37.936,35.8915
2012-04-12,0,34.146,45.95173611111111
2012-04-13,0,39.8412,36.93775
2012-04-14,0,39.8454,40.43409523809524
2012-04-15,0,39.8496,37.61266666666666
2012-04-16,0,37.956,36.06198750000001
2012-04-17,0,36.062000000000005,44.61888157894737
2012-04-18,0,39.8622,33.829791666666665
2012-04-19,0,39.8664,37.69907142857143
2012-04-20,0,34.174800000000005,40.34197916666667
2012-04-21,0,37.976,42.635775
2012-04-22,0,34.182,45.64145833333333
2012-04-23,0,37.984,40.299600000000005
2012-04-24,0,39.8874,33.47410714285714
2012-04-25,0,34.1928,42.00716666666667
2012-04-26,0,36.096199999999996,43.91096052631578
2012-04-27,0,38.0,35.625
2012-04-28,0,38.004,40.62825
2012-04-29,0,38.007999999999996,40.631499999999996
2012-04-30,0,34.2108,39.419180555555556
2012-05-01,0,39.9168,38.10742857142857
2012-05-02,0,34.218,46.806909722222215
2012-05-03,0,39.9252,37.443559523809526
2012-05-04,0,39.9294,39.45660714285714
2012-05-05,0,38.032,38.696625
2012-05-06,0,38.036,35.8070125
2012-05-07,0,39.942,38.42357142857143
2012-05-08,0,36.1418,42.060006578947366
2012-05-09,0,34.2432,41.53288888888889
2012-05-10,0,39.9546,33.59144642857142
2012-05-11,0,39.958800000000004,36.424678571428565
2012-05-12,0,36.157000000000004,40.83842105263158
2012-05-13,0,36.1608,38.453763157894734
2012-05-14,0,38.068,36.4557625
2012-05-15,0,39.9756,35.39315476190477
2012-05-16,0,34.2684,46.250750000000004
2012-05-17,0,36.176,43.984736842105264
2012-05-18,0,34.2756,42.258375
2012-05-19,0,38.087999999999994,42.9661125
2012-05-20,0,38.092,40.2301375
2012-05-21,0,40.0008,36.975619047619055
2012-05-22,0,40.005,37.575
2012-05-23,0,34.2936,45.40675
2012-05-24,0,36.2026,38.98204605263158
2012-05-25,0,40.0176,34.601142857142854
2012-05-26,0,40.021800000000006,39.749744047619046
2012-05-27,0,36.214000000000006,37.50756578947369
2012-05-28,0,38.124,42.996993749999994
2012-05-29,0,36.2216,38.42047368421053
2012-05-30,0,38.132000000000005,36.58069375000001
2012-05-31,0,34.3224,45.95799999999999
2012-06-01,0,34.326,46.39690972222222
2012-06-02,0,36.2368,39.504894736842104
2012-06-03,0,38.147999999999996,36.043875
2012-06-04,0,40.059599999999996,38.43494047619048
2012-06-05,0,36.2482,39.43185526315789
2012-06-06,0,40.068,39.03821428571428
2012-06-07,0,36.2558,43.97600657894737
2012-06-08,0,34.3512,43.46151388888889
2012-06-09,0,40.0806,38.22628571428571
2012-06-10,0,38.176,36.7696
2012-06-11,0,38.18,41.94734375
2012-06-12,0,38.184,37.48117499999999
2012-06-13,0,36.2786,43.41922368421053
2012-06-14,0,38.192,37.3303
2012-06-15,0,36.2862,38.637710526315786
2012-06-16,0,36.290000000000006,44.00756578947369
2012-06-17,0,40.114200000000004,40.417208333333335
2012-06-18,0,38.208,40.009499999999996
2012-06-19,0,38.212,42.2094625
2012-06-20,0,34.394400000000005,44.54926388888889
2012-06-21,0,40.131,40.878482142857145
2012-06-22,0,38.224000000000004,41.4348
2012-06-23,0,36.3166,40.56241447368421
2012-06-24,0,38.232,36.261225
2012-06-25,0,34.4124,39.77016666666667
2012-06-26,0,34.416,44.48333333333333
2012-06-27,0,36.3318,41.98018421052632
2012-06-28,0,34.423199999999994,45.36277777777778
2012-06-29,0,34.4268,40.0445625
2012-06-30,0,38.256,36.4356
2012-07-01,0,36.347,42.90286184210527
2012-07-02,0,36.3508,44.39435526315789
2012-07-03,0,36.3546,44.56324342105263
2012-07-04,0,36.358399999999996,41.01136842105263
2012-07-05,0,36.3622,44.15688157894736
2012-07-06,0,40.194,38.00928571428572
2012-07-07,0,34.455600000000004,42.950916666666664
2012-07-08,0,36.3736,37.46786842105263
2012-07-09,0,36.3774,41.358552631578945
2012-07-10,0,36.3812,43.92627631578947
2012-07-11,0,40.215,41.018452380952375
2012-07-12,0,34.4736,40.95933333333334
2012-07-13,0,34.477199999999996,41.92333333333333
2012-07-14,0,34.4808,45.24586111111111
2012-07-15,0,34.4844,43.677083333333336
2012-07-16,0,40.236,40.58547619047619
2012-07-17,0,38.324,39.39425625
2012-07-18,0,38.327999999999996,37.1955375
2012-07-19,0,40.248599999999996,35.87652976190476
2012-07-20,0,34.502399999999994,46.4035
2012-07-21,0,38.34,37.912312500000006
2012-07-22,0,36.4268,40.656092105263156
2012-07-23,0,38.348,40.51440625
2012-07-24,0,34.516799999999996,40.73616666666667
2012-07-25,0,34.5204,41.875909722222225
2012-07-26,0,40.278000000000006,40.76761904761905
2012-07-27,0,40.2822,35.82439285714286
2012-07-28,0,40.2864,36.42685714285714
2012-07-29,0,36.4534,40.430157894736844
2012-07-30,0,40.2948,41.00546428571429
2012-07-31,0,38.38,36.21062499999999
2012-08-01,0,38.384,40.6221
2012-08-02,0,38.388,42.90853125
2012-08-03,0,36.4724,40.52909210526315
2012-08-04,0,36.4762,43.184730263157896
2012-08-05,0,34.56,41.825
2012-08-06,0,36.483799999999995,42.44547368421052
2012-08-07,0,40.328399999999995,35.10557142857143
2012-08-08,0,34.5708,42.01
2012-08-09,0,40.3368,39.01238095238095
2012-08-10,0,34.578,47.531354166666674
2012-08-11,0,34.5816,44.03345833333333
2012-08-12,0,40.3494,40.07225
2012-08-13,0,38.432,41.0548
2012-08-14,0,34.5924,40.629
2012-08-15,0,38.440000000000005,42.2435
2012-08-16,0,34.5996,47.90428472222222
2012-08-17,0,36.525600000000004,41.652789473684216
2012-08-18,0,34.6068,45.196583333333336
2012-08-19,0,34.6104,47.3025
2012-08-20,0,40.383,36.71866071428571
2012-08-21,0,40.3872,36.04571428571428
2012-08-22,0,38.468,40.37440000000001
2012-08-23,0,36.5484,45.15915789473684
2012-08-24,0,40.3998,34.476910714285715
2012-08-25,0,34.632,44.78347222222223
2012-08-26,0,40.4082,37.11175
2012-08-27,0,38.488,38.2604375
2012-08-28,0,36.5674,38.94859868421053
2012-08-29,0,34.6464,46.814
2012-08-30,0,38.5,40.63671875
2012-08-31,0,34.6536,45.067805555555566
2012-09-01,0,40.4334,38.10648214285714
2012-09-02,0,36.5864,44.6133947368421
2012-09-03,0,36.590199999999996,39.63179605263158
2012-09-04,0,40.446000000000005,35.40910714285714
2012-09-05,0,38.524,41.12969375
2012-09-06,0,36.601600000000005,38.31152631578947
2012-09-07,0,40.458600000000004,41.057249999999996
2012-09-08,0,34.6824,45.096361111111115
2012-09-09,0,34.686,45.88961805555556
2012-09-10,0,40.4712,39.562714285714286
2012-09-11,0,38.548,41.93904375
2012-09-12,0,40.4796,41.22395238095238
2012-09-13,0,38.556,40.286812499999996
2012-09-14,0,40.488,38.446666666666665
2012-09-15,0,40.4922,39.42788095238095
2012-09-16,0,36.6396,42.084552631578944
2012-09-17,0,38.571999999999996,41.405825
2012-09-18,0,40.504799999999996,39.88880952380952
2012-09-19,0,38.58,36.59146875
2012-09-20,0,36.6548,40.60031578947369
2012-09-21,0,38.588,36.6763
2012-09-22,0,34.7328,48.2205
2012-09-23,0,36.666199999999996,39.19525657894737
2012-09-24,0,36.67,40.94605263157895
2012-09-25,0,34.7436,39.534375
2012-09-26,0,40.5384,38.18192857142857
2012-09-27,0,40.5426,39.766571428571424
2012-09-28,0,36.6852,40.54275
2012-09-29,0,40.551,37.28705357142858
2012-09-30,0,38.624,42.714
2012-10-01,0,40.5594,34.731410714285715
2012-10-02,0,36.7004,40.472289473684214
2012-10-03,0,34.7724,46.328423611111106
2012-10-04,0,40.571999999999996,36.3975
2012-10-05,0,38.644,35.767325
2012-10-06,0,36.715599999999995,43.483973684210525
2012-10-07,0,38.652,38.543006250000005
2012-10-08,0,34.7904,41.9495
2012-10-09,0,36.727000000000004,45.494013157894734
2012-10-10,0,40.5972,36.339357142857146
2012-10-11,0,34.8012,42.927055555555555
2012-10-12,0,40.6056,40.79397619047619
2012-10-13,0,38.676,38.798812500000004
2012-10-14,0,34.812000000000005,42.585277777777776
2012-10-15,0,36.7498,42.51453947368421
2012-10-16,0,34.8192,43.12
2012-10-17,0,36.757400000000004,39.769875
2012-10-18,0,34.8264,42.510708333333326
2012-10-19,0,34.83,44.186458333333334
2012-10-20,0,40.6392,35.990785714285714
2012-10-21,0,34.8372,44.3695
2012-10-22,0,38.712,43.263675000000006
2012-10-23,0,38.716,40.7312875
2012-10-24,0,160.688,9.891927710843374
2012-10-25,0,164.577,9.753180882352943
2012-10-26,0,152.9756,9.591765822784811
2012-10-27,0,137.49859999999998,10.584052816901409
2012-10-28,0,170.4384,9.54903409090909
2012-10-29,0,151.086,10.85543269230769
2012-10-30,0,151.1016,10.470016025641025
2012-10-31,0,162.7416,9.534129464285716
2012-11-01,0,172.4464,8.090382022471909
2012-11-02,0,143.3972,11.23147972972973
2012-11-03,0,131.784,10.987113970588236
2012-11-04,0,174.43800000000002,9.571129166666665
2012-11-05,0,160.8872,8.926451807228915
2012-11-06,0,143.4564,10.82764358108108
2012-11-07,0,149.2876,9.870821428571428
2012-11-08,0,131.852,10.78141544117647
2012-11-09,0,160.9536,9.522
2012-11-10,0,141.5762,10.37066609589041
2012-11-11,0,153.2284,9.06138924050633
2012-11-12,0,159.0636,8.807995426829269
2012-11-13,0,170.72,9.074005681818182
2012-11-14,0,139.6944,9.966756944444445
2012-11-15,0,153.2916,9.405911392405063
2012-11-16,0,176.59459999999999,9.213164835164834
2012-11-17,0,176.6128,8.934681318681319
2012-11-18,0,176.63099999999997,8.900480769230768
2012-11-19,0,132.0016,11.444742647058824
2012-11-20,0,147.5464,9.864644736842106
2012-11-21,0,166.9776,9.346290697674418
2012-11-22,0,151.4604,10.020557692307692
2012-11-23,0,38.839999999999996,43.1345625
2012-11-24,0,40.7862,36.92242857142857
2012-11-25,0,38.848,39.725
2012-11-26,0,38.852000000000004,42.985831250000004
2012-11-27,0,40.7988,34.660785714285716
2012-11-28,0,36.917,39.39976973684211
2012-11-29,0,38.864000000000004,42.43965
2012-11-30,0,34.9812,43.8913125
2012-12-01,0,40.8156,40.50077380952381
2012-12-02,0,38.876,43.0856125
2012-12-03,0,38.879999999999995,39.5115
2012-12-04,0,34.995599999999996,39.929805555555554
2012-12-05,0,36.943599999999996,39.5888552631579
2012-12-06,0,38.891999999999996,40.952156249999994
2012-12-07,0,40.840799999999994,37.71757142857143
2012-12-08,0,36.955,43.867763157894736
2012-12-09,0,38.904,43.0297875
2012-12-10,0,36.9626,42.618703947368424
2012-12-11,0,36.9664,40.52863157894737
2012-12-12,0,38.916,39.062118749999996
2012-12-13,0,38.92,38.030875
2012-12-14,0,35.031600000000005,44.646909722222226
2012-12-15,0,36.9816,45.06457894736842
2012-12-16,0,40.878600000000006,35.243125
2012-12-17,0,35.0424,45.71859722222222
2012-12-18,0,40.887,35.77928571428571
2012-12-19,0,38.944,38.0488
2012-12-20,0,35.053200000000004,39.98002777777778
2012-12-21,0,38.952,40.602374999999995
2012-12-22,0,35.0604,46.88659722222222
2012-12-23,0,40.908,37.68916666666667
2012-12-24,0,37.0158,44.509677631578946
2012-12-25,0,40.916399999999996,35.0405
2012-12-26,0,38.971999999999994,41.5740375
2012-12-27,0,40.9248,37.169999999999995
2012-12-28,0,40.928999999999995,41.42125
2012-12-29,0,38.984,41.902475
2012-12-30,0,38.988,40.71073125
2012-12-31,0,40.9416,38.54752380952381
2013-01-01,0,38.996,42.390425
2013-01-02,0,39.0,41.5171875
2013-01-03,0,39.004000000000005,37.296675
2013-01-04,0,39.008,36.0244
2013-01-05,0,40.9626,40.61223214285714
2013-01-06,0,35.1144,48.624625
2013-01-07,0,40.971000000000004,35.228095238095236
2013-01-08,0,35.1216,47.56925
2013-01-09,0,39.028,41.38051875
2013-01-10,0,39.032,38.991637499999996
2013-01-11,0,39.036,39.5529
2013-01-12,0,40.992,36.001428571428576
2013-01-13,0,37.0918,43.32023684210526
2013-01-14,0,39.048,36.7705125
2013-01-15,0,35.1468,43.78418055555555
2013-01-16,0,37.1032,41.23107894736842
2013-01-17,0,39.059999999999995,37.0185
2013-01-18,0,37.1108,42.74930263157895
2013-01-19,0,41.0214,38.225005952380954
2013-01-20,0,37.1184,40.152
2013-01-21,0,37.1222,45.36355263157895
2013-01-22,0,41.034,34.88946428571428
2013-01-23,0,39.084,40.78738125
2013-01-24,0,41.0424,41.12888095238095
2013-01-25,0,35.1828,40.44783333333333
2013-01-26,0,41.0508,36.04092857142857
2013-01-27,0,35.19,41.78489583333334
2013-01-28,0,37.1488,42.446578947368415
2013-01-29,0,37.1526,37.910703947368425
2013-01-30,0,35.2008,48.00623611111111
2013-01-31,0,35.2044,44.7265
2013-02-01,0,39.12,42.493500000000004
2013-02-02,0,37.1678,42.54727631578947
2013-02-03,0,35.215199999999996,41.36397222222222
2013-02-04,0,41.0886,35.99023214285715
2013-02-05,0,41.0928,36.221333333333334
2013-02-06,0,41.096999999999994,41.17074404761905
2013-02-07,0,37.1868,38.94682894736842
2013-02-08,0,41.1054,38.817678571428566
2013-02-09,0,37.1944,45.09452631578947
2013-02-10,0,35.2404,41.2978125
2013-02-11,0,41.118,34.563452380952384
2013-02-12,0,39.164,37.733450000000005
2013-02-13,0,37.2096,44.68784210526316
2013-02-14,0,39.172000000000004,42.696637499999994
2013-02-15,0,37.217200000000005,44.779
2013-02-16,0,35.262,44.249375
2013-02-17,0,37.2248,38.388
2013-02-18,0,35.2692,44.16742361111111
2013-02-19,0,37.2324,40.91992105263158
2013-02-20,0,37.2362,38.312796052631576
2013-02-21,0,41.16,39.161904761904765
2013-02-22,0,37.2438,45.05615131578948
2013-02-23,0,37.2476,38.99556578947368
2013-02-24,0,39.211999999999996,42.0898625
2013-02-25,0,39.215999999999994,38.331975
2013-02-26,0,37.259,39.59440789473684
2013-02-27,0,39.224000000000004,40.739087500000004
2013-02-28,0,37.266600000000004,41.03295394736842
2013-03-01,0,39.232,43.14695
2013-03-02,0,39.236,38.34694375
2013-03-03,0,41.202,35.2275
2013-03-04,0,39.244,42.2763
2013-03-05,0,35.3232,45.46480555555556
2013-03-06,0,39.252,38.43899999999999
2013-03-07,0,41.2188,36.99279761904762
2013-03-08,0,41.223,41.03851190476191
2013-03-09,0,37.3008,41.82063157894736
2013-03-10,0,39.268,43.177268749999996
2013-03-11,0,41.2356,34.41022619047619
2013-03-12,0,41.2398,37.08353571428571
2013-03-13,0,39.28,43.988625
2013-03-14,0,41.2482,36.707744047619045
2013-03-15,0,41.2524,38.92392857142857
2013-03-16,0,41.2566,36.56081547619048
2013-03-17,0,41.260799999999996,37.708666666666666
2013-03-18,0,37.334999999999994,43.36875
2013-03-19,0,41.2692,35.2715
2013-03-20,0,37.3426,45.232052631578945
2013-03-21,0,35.3808,45.16525
2013-03-22,0,39.316,43.6186
2013-03-23,0,41.286,36.96261904761905
2013-03-24,0,41.2902,38.64575
2013-03-25,0,37.3616,40.437684210526314
2013-03-26,0,37.3654,39.51213157894737
2013-03-27,0,35.4024,44.74075
2013-03-28,0,37.373000000000005,45.26026315789474
2013-03-29,0,41.3112,36.29226190476191
2013-03-30,0,41.315400000000004,38.205357142857146
2013-03-31,0,41.3196,37.82625000000001
2013-04-01,0,39.356,38.0355375
2013-04-02,0,35.424,40.48166666666666
2013-04-03,0,39.364,43.097606250000005
2013-04-04,0,41.3364,34.856857142857145
2013-04-05,0,39.372,37.64604375
2013-04-06,0,35.4384,43.3485
2013-04-07,0,41.349,37.00583333333333
2013-04-08,0,39.384,42.1509375
2013-04-09,0,41.3574,41.752750000000006
2013-04-10,0,37.4224,44.37631578947368
2013-04-11,0,35.4564,40.9561875
2013-04-12,0,35.46,46.67048611111111
2013-04-13,0,39.403999999999996,37.34821875
2013-04-14,0,37.4376,39.401526315789475
2013-04-15,0,39.412000000000006,37.83601875
2013-04-16,0,35.4744,40.70433333333333
2013-04-17,0,37.449,44.146776315789474
2013-04-18,0,35.4816,48.031444444444446
2013-04-19,0,37.4566,45.7607697368421
2013-04-20,0,39.432,39.2972625
2013-04-21,0,39.436,37.69294375
2013-04-22,0,37.467999999999996,43.74092105263158
2013-04-23,0,35.4996,48.1394375
2013-04-24,0,37.4756,40.19375
2013-04-25,0,37.4794,40.196875
2013-04-26,0,41.428799999999995,37.21371428571429
2013-04-27,0,35.513999999999996,41.72190972222222
2013-04-28,0,35.517599999999995,41.278416666666665
2013-04-29,0,35.5212,48.60866666666667
2013-04-30,0,35.5248,42.535888888888884
2013-05-01,0,41.4498,36.46216666666667
2013-05-02,0,37.506,38.27131578947369
2013-05-03,0,39.484,41.91119375
2013-05-04,0,37.513600000000004,45.052
2013-05-05,0,41.4666,37.163125
2013-05-06,0,41.470800000000004,34.637190476190476
2013-05-07,0,35.550000000000004,46.85069444444444
2013-05-08,0,37.528800000000004,45.57426315789474
2013-05-09,0,35.5572,40.59831944444444
2013-05-10,0,35.5608,44.08926388888889
2013-05-11,0,39.516,39.52243125
2013-05-12,0,41.496,41.93666666666666
2013-05-13,0,37.5478,43.64286184210526
2013-05-14,0,39.528,37.599337500000004
2013-05-15,0,35.5788,42.496006944444446
2013-05-16,0,39.536,41.550900000000006
2013-05-17,0,37.562999999999995,42.72394736842105
2013-05-18,0,35.5896,45.63791666666666
2013-05-19,0,35.5932,43.94109027777778
2013-05-20,0,37.5744,44.853631578947365
2013-05-21,0,35.6004,47.43868055555555
2013-05-22,0,37.582,46.38703947368421
2013-05-23,0,37.5858,43.16788815789474
2013-05-24,0,41.546400000000006,40.824666666666666
2013-05-25,0,39.572,38.679
2013-05-26,0,35.6184,42.80091666666667
2013-05-27,0,39.58,40.941624999999995
2013-05-28,0,37.604800000000004,39.451578947368425
2013-05-29,0,39.588,41.1091875
2013-05-30,0,37.6124,43.955026315789475
2013-05-31,0,35.6364,45.1465
2013-06-01,0,41.58,39.92857142857143
2013-06-02,0,39.604,38.138581249999994
2013-06-03,0,37.6276,45.32676315789474
2013-06-04,0,35.6508,46.59416666666666
2013-06-05,0,37.6352,43.12652631578947
2013-06-06,0,37.638999999999996,41.092236842105265
2013-06-07,0,39.623999999999995,36.7821
2013-06-08,0,37.6466,43.05163815789474
2013-06-09,0,41.6136,39.492333333333335
2013-06-10,0,35.6724,42.402479166666666
2013-06-11,0,35.676,42.31611111111111
2013-06-12,0,35.6796,42.857347222222224
2013-06-13,0,35.6832,49.13733333333333
2013-06-14,0,39.652,40.5145375
2013-06-15,0,39.656000000000006,38.257725
2013-06-16,0,35.694,42.153124999999996
2013-06-17,0,41.6472,39.13240476190476
2013-06-18,0,39.668,44.240725
2013-06-19,0,41.6556,38.06196428571429
2013-06-20,0,41.6598,35.21965476190476
2013-06-21,0,35.712,49.2575
2013-06-22,0,35.7156,49.35104166666667
2013-06-23,0,35.7192,47.829347222222225
2013-06-24,0,39.692,39.41515
2013-06-25,0,41.6808,40.54135714285714
2013-06-26,0,37.714999999999996,39.03009868421053
2013-06-27,0,35.733599999999996,47.215805555555555
2013-06-28,0,39.708,44.03259375
2013-06-29,0,37.7264,45.33305263157895
2013-06-30,0,35.7444,41.031618055555555
2013-07-01,0,35.748,41.573541666666664
2013-07-02,0,39.724,42.75311875
2013-07-03,0,41.714400000000005,35.10114285714286
2013-07-04,0,39.732,40.0923
2013-07-05,0,39.736000000000004,41.3079625
2013-07-06,0,39.74,41.14946875
2013-07-07,0,41.7312,35.650999999999996
2013-07-08,0,37.760600000000004,43.917710526315794
2013-07-09,0,37.7644,41.19731578947368
2013-07-10,0,37.7682,41.966625
2013-07-11,0,41.748,36.12416666666667
2013-07-12,0,39.763999999999996,41.89648749999999
2013-07-13,0,39.768,42.38505
2013-07-14,0,41.7606,38.28970833333334
2013-07-15,0,37.7872,43.600842105263155
2013-07-16,0,41.769,38.06446428571429
2013-07-17,0,35.8056,48.63740277777778
2013-07-18,0,37.79859999999999,46.081098684210524
2013-07-19,0,35.8128,40.912083333333335
2013-07-20,0,39.796,43.2172875
2013-07-21,0,37.81,42.0875
2013-07-22,0,37.8138,43.454013157894735
2013-07-23,0,37.8176,43.96863157894737
2013-07-24,0,39.812000000000005,44.5259375
2013-07-25,0,35.8344,44.97916666666667
2013-07-26,0,37.829,40.313914473684214
2013-07-27,0,37.8328,42.107
2013-07-28,0,37.836600000000004,38.444782894736846
2013-07-29,0,41.8236,40.57088095238095
2013-07-30,0,35.8524,44.99652777777778
2013-07-31,0,37.848,45.27473684210526
2013-08-01,0,35.8596,40.86315277777778
2013-08-02,0,37.855599999999995,39.99459210526316
2013-08-03,0,41.8446,35.95689285714286
2013-08-04,0,35.8704,46.09422222222222
2013-08-05,0,37.867,39.40677631578947
2013-08-06,0,39.864,44.40855
2013-08-07,0,35.8812,48.17600694444444
2013-08-08,0,41.8656,39.75309523809524
2013-08-09,0,37.8822,46.244723684210534
2013-08-10,0,35.892,45.03472222222222
2013-08-11,0,39.884,41.26399375
2013-08-12,0,41.8824,37.294500000000006
2013-08-13,0,39.892,44.5946875
2013-08-14,0,41.890800000000006,35.44682142857143
2013-08-15,0,37.905,42.76628289473684
2013-08-16,0,35.9136,41.090666666666664
2013-08-17,0,39.908,39.7420625
2013-08-18,0,41.9076,36.84825
2013-08-19,0,39.916,38.937
2013-08-20,0,37.924,46.113157894736844
2013-08-21,0,37.9278,40.821828947368424
2013-08-22,0,37.931599999999996,43.98506578947368
2013-08-23,0,37.9354,44.24469736842106
2013-08-24,0,37.9392,40.660421052631584
2013-08-25,0,37.943,46.98519736842105
2013-08-26,0,39.943999999999996,43.178450000000005
2013-08-27,0,35.953199999999995,45.274125
2013-08-28,0,41.949600000000004,37.80435714285714
2013-08-29,0,35.9604,43.477069444444446
2013-08-30,0,35.964,45.735625000000006
2013-08-31,0,41.9622,42.452732142857144
2013-09-01,0,39.967999999999996,36.54
2013-09-02,0,37.973400000000005,45.13357894736843
2013-09-03,0,39.976,41.418375
2013-09-04,0,37.981,40.181907894736845
2013-09-05,0,35.985600000000005,40.612500000000004
2013-09-06,0,41.9874,42.472339285714284
2013-09-07,0,35.9928,44.13904166666667
2013-09-08,0,37.9962,41.64811184210526
2013-09-09,0,38.0,44.73026315789474
2013-09-10,0,38.0038,43.10857894736843
2013-09-11,0,42.0084,36.68421428571428
2013-09-12,0,36.010799999999996,48.219458333333336
2013-09-13,0,42.016799999999996,39.321619047619045
2013-09-14,0,40.019999999999996,44.54212499999999
2013-09-15,0,40.024,38.9367125
2013-09-16,0,38.0266,44.66877631578947
2013-09-17,0,38.0304,40.90673684210526
2013-09-18,0,38.034200000000006,42.19366447368421
2013-09-19,0,42.041999999999994,39.49464285714286
2013-09-20,0,38.0418,43.48413157894736
2013-09-21,0,38.04559999999999,41.00492105263158
2013-09-22,0,40.05200000000001,41.641600000000004
2013-09-23,0,42.05879999999999,38.34482142857143
2013-09-24,0,42.063,35.09401785714286
2013-09-25,0,42.0672,38.04080952380952
2013-09-26,0,40.068,39.2137125
2013-09-27,0,38.068400000000004,45.39171052631579
2013-09-28,0,36.0684,43.03502777777778
2013-09-29,0,40.08,39.06
2013-09-30,0,42.0882,40.070577380952386
2013-10-01,0,42.0924,39.841119047619046
2013-10-02,0,36.0828,44.49525
2013-10-03,0,42.1008,38.2192380952381
2013-10-04,0,36.089999999999996,43.41666666666667
2013-10-05,0,36.09360000000001,44.957791666666665
2013-10-06,0,38.102599999999995,44.823164473684216
2013-10-07,0,38.10640000000001,43.62665789473684
2013-10-08,0,40.116,44.7871875
2013-10-09,0,40.120000000000005,42.5918125
2013-10-10,0,38.117799999999995,46.89445394736842
2013-10-11,0,42.13440000000001,37.54457142857143
2013-10-12,0,42.1386,40.65054761904762
2013-10-13,0,36.1224,42.99409722222222
2013-10-14,0,36.12599999999999,40.915416666666665
2013-10-15,0,38.1368,38.593421052631584
2013-10-16,0,36.1332,45.90110416666666
2013-10-17,0,40.152,42.4549875
2013-10-18,0,36.1404,46.994729166666666
2013-10-19,0,158.632,10.625949367088607
2013-10-20,0,170.697,8.821852941176472
2013-10-21,0,176.73919999999998,8.429133522727273
2013-10-22,0,174.7482,9.501150862068965
2013-10-23,0,176.77439999999999,8.3563125
2013-10-24,0,156.702,11.226225961538463
2013-10-25,0,166.7636,8.880710843373494
2013-10-26,0,162.76140000000004,9.322162037037037
2013-10-27,0,156.7488,10.016012820512822
2013-10-28,0,136.6664,10.842183823529412
2013-10-29,0,162.80999999999997,9.747222222222222
2013-10-30,0,170.86700000000002,9.865020588235295
2013-10-31,0,176.91519999999997,9.45528409090909
2013-11-01,0,152.80560000000003,10.32646875
2013-11-02,0,172.92879999999997,9.733578488372093
2013-11-03,0,138.75900000000001,10.831865942028985
2013-11-04,0,166.92960000000002,9.418409638554218
2013-11-05,0,174.9918,10.111670977011496
2013-11-06,0,150.87,11.969833333333332
2013-11-07,0,140.826,10.657076785714287
2013-11-08,0,140.84,11.24092857142857
2013-11-09,0,150.915,10.05697
2013-11-10,0,156.9672,9.670903846153848
2013-11-11,0,169.0584,9.60286011904762
2013-11-12,0,171.088,9.183223529411764
2013-11-13,0,175.131,8.616142241379311
2013-11-14,0,138.91080000000002,12.616264492753622
2013-11-15,0,142.95139999999998,11.295593309859155
2013-11-16,0,149.0064,11.721466216216216
2013-11-17,0,147.0074,10.428345890410958
2013-11-18,0,38.266000000000005,39.55394736842105
2013-11-19,0,36.255599999999994,45.7485
2013-11-20,0,42.302400000000006,42.63961904761904
2013-11-21,0,38.27739999999999,39.39101315789474
2013-11-22,0,40.29600000000001,38.9768625
2013-11-23,0,36.269999999999996,44.49131944444444
2013-11-24,0,40.304,40.20870000000001
2013-11-25,0,42.3234,37.20717857142857
2013-11-26,0,36.2808,47.68020833333333
2013-11-27,0,36.2844,43.14253472222222
2013-11-28,0,42.336,38.07214285714286
2013-11-29,0,40.324,39.7335375
2013-11-30,0,42.3444,42.5165
2013-12-01,0,38.3154,44.929776315789475
2013-12-02,0,38.319199999999995,44.76105263157895
2013-12-03,0,42.357,36.528958333333335
2013-12-04,0,36.309599999999996,48.436375
2013-12-05,0,42.36540000000001,38.482011904761904
2013-12-06,0,36.3168,46.44422222222223
2013-12-07,0,40.35600000000001,37.1400375
2013-12-08,0,36.324,46.08770833333333
2013-12-09,0,42.382200000000005,37.94831547619048
2013-12-10,0,38.349599999999995,46.94171052631579
2013-12-11,0,42.390600000000006,39.123130952380954
2013-12-12,0,38.35719999999999,41.60790789473685
2013-12-13,0,42.399,35.075892857142854
2013-12-14,0,38.3648,42.562
2013-12-15,0,38.3686,46.87347368421053
2013-12-16,0,42.4116,38.51435714285714
2013-12-17,0,36.3564,44.48202083333334
2013-12-18,0,38.38,45.67763157894737
2013-12-19,0,40.403999999999996,39.05735625
2013-12-20,0,42.428399999999996,40.24185714285715
2013-12-21,0,42.4326,42.818732142857144
2013-12-22,0,40.416,41.195699999999995
2013-12-23,0,40.42,39.888343750000004
2013-12-24,0,38.402800000000006,38.9731052631579
2013-12-25,0,40.428,41.53280625
2013-12-26,0,38.4104,42.687236842105264
2013-12-27,0,38.414199999999994,46.571447368421055
2013-12-28,0,40.440000000000005,42.1978125
2013-12-29,0,42.46619999999999,35.899166666666666
2013-12-30,0,36.403200000000005,43.88877777777778
2013-12-31,0,42.474599999999995,41.29033928571428
2014-01-01,0,38.4332,42.534223684210524
2014-01-02,0,36.413999999999994,47.359722222222224
2014-01-03,0,42.4872,42.783142857142856
2014-01-04,0,40.468,41.72845625
2014-01-05,0,36.424800000000005,47.370555555555555
2014-01-06,0,38.4522,42.29151315789474
2014-01-07,0,36.432,47.46888888888889
2014-01-08,0,38.4598,43.59279605263158
2014-01-09,0,36.4392,45.5625
2014-01-10,0,40.492,41.665525
2014-01-11,0,38.471199999999996,44.46618421052631
2014-01-12,0,42.525,37.890625
2014-01-13,0,42.529199999999996,38.83108333333334
2014-01-14,0,38.482600000000005,41.36732236842105
2014-01-15,0,38.486399999999996,40.76589473684211
2014-01-16,0,40.516000000000005,42.0128
2014-01-17,0,38.494,42.32697368421052
2014-01-18,0,42.550200000000004,37.28266071428572
2014-01-19,0,36.475199999999994,44.41169444444444
2014-01-20,0,40.532000000000004,42.682249999999996
2014-01-21,0,38.50919999999999,46.74667105263158
2014-01-22,0,42.567,43.001488095238095
2014-01-23,0,42.57119999999999,42.53561904761904
2014-01-24,0,38.5206,41.83097368421053
2014-01-25,0,36.4968,42.424791666666664
2014-01-26,0,42.583800000000004,35.897625
2014-01-27,0,36.504,47.72375
2014-01-28,0,40.564,39.423
2014-01-29,0,36.5112,49.738819444444445
2014-01-30,0,38.5434,44.271157894736845
2014-01-31,0,42.6048,40.68380952380952
2014-02-01,0,38.551,45.9210197368421
2014-02-02,0,36.5256,48.202
2014-02-03,0,42.617399999999996,38.423672619047615
2014-02-04,0,38.562400000000004,41.9525
2014-02-05,0,40.596,38.460825
2014-02-06,0,40.60000000000001,37.970625000000005
2014-02-07,0,42.63419999999999,40.00095833333333
2014-02-08,0,42.638400000000004,41.80457142857143
2014-02-09,0,36.550799999999995,41.55982638888889
2014-02-10,0,36.5544,41.928375
2014-02-11,0,40.61999999999999,42.91818750000001
2014-02-12,0,36.5616,45.77191666666666
2014-02-13,0,40.628,38.1553
2014-02-14,0,40.632000000000005,44.7372
2014-02-15,0,38.6042,41.121874999999996
2014-02-16,0,36.576,47.88777777777778
2014-02-17,0,38.6118,42.34032236842105
2014-02-18,0,38.6156,43.29605263157894
2014-02-19,0,40.652,37.185475000000004
2014-02-20,0,38.6232,45.20794736842105
2014-02-21,0,42.693,37.92773809523809
2014-02-22,0,38.6308,42.52964473684211
2014-02-23,0,42.70140000000001,37.3065
2014-02-24,0,40.672,43.7836
2014-02-25,0,40.676,44.03384375
2014-02-26,0,36.611999999999995,46.369375000000005
2014-02-27,0,42.7182,39.513
2014-02-28,0,42.72239999999999,38.96716666666667
2014-03-01,0,36.622800000000005,46.654375
2014-03-02,0,40.696,39.686675
2014-03-03,0,38.665000000000006,42.992105263157896
2014-03-04,0,42.7392,37.01828571428571
2014-03-05,0,36.6372,47.492104166666664
2014-03-06,0,36.6408,45.207861111111114
2014-03-07,0,42.7518,37.41894642857143
2014-03-08,0,38.684,42.57486842105263
2014-03-09,0,38.6878,39.10941447368421
2014-03-10,0,42.7644,37.03514285714286
2014-03-11,0,42.7686,42.68780952380953
2014-03-12,0,40.736,42.2712
2014-03-13,0,42.777,36.10178571428571
2014-03-14,0,42.7812,41.75566666666666
2014-03-15,0,40.748,41.78630625
2014-03-16,0,38.714400000000005,43.8153947368421
2014-03-17,0,40.756,37.17649375
2014-03-18,0,38.72200000000001,40.17743421052632
2014-03-19,0,42.8022,40.12262499999999
2014-03-20,0,42.806400000000004,41.77466666666667
2014-03-21,0,42.810599999999994,42.48460119047619
2014-03-22,0,38.7372,46.35260526315789
2014-03-23,0,42.818999999999996,41.94125
2014-03-24,0,40.784000000000006,41.979775
2014-03-25,0,42.827400000000004,36.920178571428565
2014-03-26,0,38.7524,46.27982894736842
2014-03-27,0,40.796,40.586925
2014-03-28,0,38.76,40.2078947368421
2014-03-29,0,42.8442,42.5103630952381
2014-03-30,0,38.7676,47.7703947368421
2014-03-31,0,42.8526,40.86642857142857
2014-04-01,0,36.7344,45.11366666666667
2014-04-02,0,40.82,42.173468750000005
2014-04-03,0,40.824,40.5259125
2014-04-04,0,38.78660000000001,41.35876315789474
2014-04-05,0,40.831999999999994,44.49445
2014-04-06,0,40.836000000000006,44.99315625
2014-04-07,0,40.839999999999996,41.859187500000004
2014-04-08,0,42.8862,37.981625
2014-04-09,0,36.7632,46.976
2014-04-10,0,42.894600000000004,42.47035714285715
2014-04-11,0,36.770399999999995,47.717222222222226
2014-04-12,0,42.903000000000006,37.59982142857143
2014-04-13,0,40.86399999999999,43.365
2014-04-14,0,42.9114,43.11259523809523
2014-04-15,0,40.872,37.2582375
2014-04-16,0,36.7884,44.33872916666667
2014-04-17,0,36.792,42.138749999999995
2014-04-18,0,38.8398,45.838598684210524
2014-04-19,0,38.8436,45.49411842105264
2014-04-20,0,42.9366,37.15033333333333
2014-04-21,0,38.8512,39.150000000000006
2014-04-22,0,42.945,36.13258928571429
2014-04-23,0,40.903999999999996,41.496575
2014-04-24,0,36.8172,47.76416666666667
2014-04-25,0,40.912000000000006,38.609225
2014-04-26,0,42.9618,41.97057738095238
2014-04-27,0,38.874,42.21414473684211
2014-04-28,0,38.87779999999999,43.52302631578947
2014-04-29,0,36.8352,47.138999999999996
2014-04-30,0,42.97859999999999,36.31198214285715
2014-05-01,0,40.93600000000001,43.589487500000004
2014-05-02,0,40.94,42.103843749999996
2014-05-03,0,36.8496,45.223
2014-05-04,0,42.995400000000004,40.34133333333333
2014-05-05,0,36.8568,42.28805555555556
2014-05-06,0,40.956,44.10241875
2014-05-07,0,40.96,43.27825
2014-05-08,0,36.8676,46.159597222222224
2014-05-09,0,40.968,43.6986
2014-05-10,0,38.9234,45.13075
2014-05-11,0,36.8784,44.97441666666667
2014-05-12,0,43.028999999999996,38.55241071428571
2014-05-13,0,43.0332,38.94954761904762
2014-05-14,0,40.98800000000001,44.37745
2014-05-15,0,36.892799999999994,41.400000000000006
2014-05-16,0,43.04580000000001,36.434749999999994
2014-05-17,0,38.949999999999996,43.23684210526316
2014-05-18,0,36.903600000000004,48.03487500000001
2014-05-19,0,36.907199999999996,43.345083333333335
2014-05-20,0,43.0626,40.232321428571424
2014-05-21,0,41.01599999999999,41.8329375
2014-05-22,0,38.969,40.985855263157895
2014-05-23,0,38.97279999999999,47.44252631578947
2014-05-24,0,43.0794,43.08525
2014-05-25,0,43.083600000000004,39.616166666666665
2014-05-26,0,43.0878,39.61915476190477
2014-05-27,0,43.092,41.832142857142856
2014-05-28,0,43.0962,42.30890476190476
2014-05-29,0,38.9956,47.20225
2014-05-30,0,36.946799999999996,44.85472916666667
2014-05-31,0,39.0032,45.11505263157894
2014-06-01,0,36.954,46.88809027777778
2014-06-02,0,36.9576,46.615249999999996
2014-06-03,0,41.068,41.708131249999994
2014-06-04,0,39.01840000000001,41.898947368421055
2014-06-05,0,41.07599999999999,40.719243750000004
2014-06-06,0,43.13400000000001,36.80845238095238
2014-06-07,0,41.083999999999996,42.798975000000006
2014-06-08,0,43.1424,36.498
2014-06-09,0,41.092,43.22020625
2014-06-10,0,41.096000000000004,42.393837500000004
2014-06-11,0,43.154999999999994,37.21741071428571
2014-06-12,0,36.9936,46.834777777777774
2014-06-13,0,43.163399999999996,39.75197023809524
2014-06-14,0,41.112,37.842299999999994
2014-06-15,0,39.0602,43.94300657894737
2014-06-16,0,37.008,45.55777777777778
2014-06-17,0,41.124,42.58220624999999
2014-06-18,0,43.1844,39.846000000000004
2014-06-19,0,37.0188,48.519847222222225
2014-06-20,0,37.0224,50.184
2014-06-21,0,41.14,45.501124999999995
2014-06-22,0,41.144,45.504549999999995
2014-06-23,0,41.147999999999996,41.189699999999995
2014-06-24,0,39.0944,42.48663157894737
2014-06-25,0,37.040400000000005,42.3586875
2014-06-26,0,43.217999999999996,36.31017857142857
2014-06-27,0,37.0476,44.58022916666667
2014-06-28,0,37.051199999999994,43.84513888888889
2014-06-29,0,43.2306,42.25274999999999
2014-06-30,0,41.175999999999995,41.4606625
2014-07-01,0,41.18000000000001,43.62421875
2014-07-02,0,37.065599999999996,42.934999999999995
2014-07-03,0,41.188,37.97955625
2014-07-04,0,43.2516,41.39794047619048
2014-07-05,0,41.196,39.564524999999996
2014-07-06,0,37.08,50.521527777777784
2014-07-07,0,43.2642,38.39872023809524
2014-07-08,0,43.2684,39.906
2014-07-09,0,39.1514,43.67234868421053
2014-07-10,0,41.216,40.66035
2014-07-11,0,39.159,40.090065789473684
2014-07-12,0,43.285199999999996,37.93794047619048
2014-07-13,0,41.227999999999994,41.91705
2014-07-14,0,39.17040000000001,43.68876315789473
2014-07-15,0,37.112399999999994,48.89209027777778
2014-07-16,0,41.24000000000001,39.84681249999999
2014-07-17,0,41.244,42.17923125
2014-07-18,0,39.18560000000001,45.19073684210527
2014-07-19,0,39.18939999999999,40.114171052631576
2014-07-20,0,39.193200000000004,41.69384210526316
2014-07-21,0,39.196999999999996,46.427302631578954
2014-07-22,0,39.2008,43.36460526315789
2014-07-23,0,41.267999999999994,44.1125625
2014-07-24,0,43.3356,43.521321428571426
2014-07-25,0,39.2122,45.827875
2014-07-26,0,39.216,46.18184210526316
2014-07-27,0,37.1556,47.918597222222225
2014-07-28,0,39.2236,42.50769736842105
2014-07-29,0,43.3566,42.90323214285714
2014-07-30,0,41.296,43.219725
2014-07-31,0,39.235,42.5172697368421
2014-08-01,0,37.1736,50.897916666666674
2014-08-02,0,37.1772,45.25627083333333
2014-08-03,0,39.246399999999994,40.68547368421053
2014-08-04,0,39.25020000000001,46.6515
2014-08-05,0,39.254,48.1458552631579
2014-08-06,0,43.39020000000001,40.7865119047619
2014-08-07,0,43.3944,41.6625
2014-08-08,0,39.26540000000001,48.24440789473684
2014-08-09,0,41.336,41.5854125
2014-08-10,0,41.34,41.1718125
2014-08-11,0,37.209599999999995,49.176500000000004
2014-08-12,0,41.348,42.261618750000004
2014-08-13,0,41.352000000000004,40.0973625
2014-08-14,0,41.356,45.602706250000004
2014-08-15,0,37.224000000000004,48.54277777777778
2014-08-16,0,39.2958,44.499256578947374
2014-08-17,0,37.2312,45.21455555555555
2014-08-18,0,39.303399999999996,46.963848684210525
2014-08-19,0,39.3072,45.21157894736842
2014-08-20,0,39.311,48.28782894736842
2014-08-21,0,41.384,39.537525
2014-08-22,0,37.2492,49.9585625
2014-08-23,0,37.25280000000001,45.14219444444444
2014-08-24,0,41.396,44.13513125
2014-08-25,0,37.260000000000005,45.42708333333333
2014-08-26,0,37.2636,49.60267361111111
2014-08-27,0,41.408,38.30355
2014-08-28,0,37.270799999999994,42.93360416666666
2014-08-29,0,37.2744,43.400499999999994
2014-08-30,0,41.419999999999995,44.9061875
2014-08-31,0,39.3528,44.46142105263158
2014-09-01,0,43.499399999999994,39.83248214285714
2014-09-02,0,39.3604,47.631815789473684
2014-09-03,0,37.2924,49.72516666666667
2014-09-04,0,39.368,44.65052631578947
2014-09-05,0,39.3718,46.49979605263158
2014-09-06,0,43.5204,42.551607142857144
2014-09-07,0,37.3068,49.64725694444444
2014-09-08,0,43.5288,41.84204761904762
2014-09-09,0,37.314,47.519999999999996
2014-09-10,0,39.3908,40.361802631578946
2014-09-11,0,39.3946,46.7845
2014-09-12,0,41.471999999999994,40.271100000000004
2014-09-13,0,37.3284,44.56333333333333
2014-09-14,0,43.553999999999995,40.98541666666667
2014-09-15,0,41.48400000000001,42.53649375
2014-09-16,0,39.413599999999995,47.593763157894735
2014-09-17,0,39.4174,39.943039473684216
2014-09-18,0,41.495999999999995,45.889537499999996
2014-09-19,0,37.35,44.490451388888886
2014-09-20,0,43.57919999999999,41.24266666666667
2014-09-21,0,43.583400000000005,43.077124999999995
2014-09-22,0,43.587599999999995,43.4785
2014-09-23,0,37.3644,50.72870833333333
2014-09-24,0,39.444,44.98144736842105
2014-09-25,0,37.3716,48.69197222222222
2014-09-26,0,43.6044,42.137369047619046
2014-09-27,0,43.6086,42.37949999999999
2014-09-28,0,41.536,43.74895
2014-09-29,0,39.463,46.67138157894737
2014-09-30,0,37.3896,49.73270833333333
2014-10-01,0,37.3932,51.130902777777784
2014-10-02,0,39.474399999999996,47.65071052631579
2014-10-03,0,39.4782,42.54530921052631
2014-10-04,0,41.56,43.4338125
2014-10-05,0,39.4858,44.93032894736842
2014-10-06,0,37.41120000000001,49.568999999999996
2014-10-07,0,41.571999999999996,40.513825000000004
2014-10-08,0,39.49720000000001,42.91367105263158
2014-10-09,0,41.58,44.62209375
2014-10-10,0,37.4256,43.630027777777784
2014-10-11,0,41.587999999999994,41.61443125
2014-10-12,0,39.5124,42.30947368421052
2014-10-13,0,39.516200000000005,40.54960526315789
2014-10-14,0,183.04000000000002,9.593181818181819
2014-10-15,0,162.25560000000002,10.45879326923077
2014-10-16,0,160.1908,10.203795454545455
2014-10-17,0,153.9644,11.093699324324323
2014-10-18,0,174.78719999999998,10.551660714285713
2014-10-19,0,162.31799999999998,9.838926282051283
2014-10-20,0,149.8464,12.498302083333332
2014-10-21,0,141.5352,11.607898897058824
2014-10-22,0,172.7728,10.136771084337349
2014-10-23,0,158.21680000000003,10.167021381578946
2014-10-24,0,170.724,10.016615853658537
2014-10-25,0,183.23360000000002,8.915267045454545
2014-10-26,0,145.76799999999997,11.663649999999999
2014-10-27,0,156.19500000000002,10.730400000000001
2014-10-28,0,174.9552,10.499648809523809
2014-10-29,0,149.976,10.94626736111111
2014-10-30,0,174.98879999999997,9.423142857142857
2014-10-31,0,179.1724,9.14618168604651
2014-11-01,0,175.02239999999998,10.003598214285715
2014-11-02,0,154.2012,11.401616554054055
2014-11-03,0,185.476,9.405308988764045
2014-11-04,0,152.1466,12.180017123287671
2014-11-05,0,183.4272,10.371545454545455
2014-11-06,0,166.768,10.130170312499999
2014-11-07,0,141.7664,13.15255882352941
2014-11-08,0,183.48,8.714808238636364
2014-11-09,0,166.816,10.531018750000001
2014-11-10,0,179.3444,9.309126453488371
2014-11-11,0,152.2488,12.34732191780822
2014-11-12,0,152.2634,11.773369863013698
2014-11-13,0,41.720000000000006,41.381187499999996
2014-11-14,0,43.810199999999995,36.45557142857143
2014-11-15,0,41.72800000000001,40.296
2014-11-16,0,41.732,45.000550000000004
2014-11-17,0,41.736000000000004,38.538787500000005
2014-11-18,0,43.827,39.18541666666666
2014-11-19,0,37.5696,46.932694444444444
2014-11-20,0,41.74799999999999,42.998400000000004
2014-11-21,0,41.752,37.878362499999994
2014-11-22,0,37.580400000000004,49.5563125
2014-11-23,0,37.584,49.46666666666667
2014-11-24,0,43.8522,42.003125
2014-11-25,0,39.6796,48.55038157894737
2014-11-26,0,41.772,38.06049375
2014-11-27,0,39.6872,48.64605263157894
2014-11-28,0,41.78,40.25096875
2014-11-29,0,39.6948,46.08793421052632
2014-11-30,0,41.788,44.459143749999996
2014-12-01,0,41.792,41.43665
2014-12-02,0,39.70620000000001,47.42542105263158
2014-12-03,0,37.62,47.915625
2014-12-04,0,37.6236,46.33122222222222
2014-12-05,0,39.7176,43.0995
2014-12-06,0,39.7214,46.55446052631579
2014-12-07,0,43.9068,41.64333333333334
2014-12-08,0,43.911,39.003482142857145
2014-12-09,0,41.824,45.9186
2014-12-10,0,37.6452,45.88463194444445
2014-12-11,0,37.648799999999994,42.52354166666667
2014-12-12,0,39.7442,47.19504605263158
2014-12-13,0,39.748000000000005,43.567894736842106
2014-12-14,0,41.844,44.253037500000005
2014-12-15,0,41.848,45.265975
2014-12-16,0,37.6668,46.2790625
2014-12-17,0,39.7632,40.657736842105265
2014-12-18,0,41.86,38.880187500000005
2014-12-19,0,37.6776,48.066138888888894
2014-12-20,0,43.9614,40.320839285714285
2014-12-21,0,43.965599999999995,37.7585
2014-12-22,0,37.6884,48.82512500000001
2014-12-23,0,41.88000000000001,42.6830625
2014-12-24,0,41.884,45.38043125
2014-12-25,0,39.793600000000005,43.87263157894738
2014-12-26,0,39.797399999999996,39.88717105263158
2014-12-27,0,37.7064,50.62106944444445
2014-12-28,0,43.995,41.628125
2014-12-29,0,41.904,42.7863
2014-12-30,0,37.71719999999999,51.474652777777784
2014-12-31,0,44.007600000000004,42.27920238095238
2015-01-01,0,41.916000000000004,44.227968749999995
2015-01-02,0,41.92,42.88325
2015-01-03,0,39.8278,45.05492105263158
2015-01-04,0,44.0244,42.77325
2015-01-05,0,41.932,43.22986875
2015-01-06,0,41.936,39.356425
2015-01-07,0,41.94,41.88778125
2015-01-08,0,37.7496,44.391416666666665
2015-01-09,0,39.8506,44.808782894736844
2015-01-10,0,37.7568,44.397999999999996
2015-01-11,0,37.760400000000004,46.930479166666665
2015-01-12,0,41.959999999999994,41.313125
2015-01-13,0,37.7676,46.656375000000004
2015-01-14,0,41.967999999999996,41.740875
2015-01-15,0,39.873400000000004,48.64581578947369
2015-01-16,0,41.976,40.5663375
2015-01-17,0,44.07900000000001,41.52925595238096
2015-01-18,0,39.8848,46.081736842105265
2015-01-19,0,39.888600000000004,41.02377631578947
2015-01-20,0,41.99199999999999,43.615412500000005
2015-01-21,0,39.8962,42.00675657894737
2015-01-22,0,44.1,36.723214285714285
2015-01-23,0,42.004000000000005,42.95005625
2015-01-24,0,39.9076,45.83573684210526
2015-01-25,0,44.1126,39.785625
2015-01-26,0,44.1168,39.62780952380952
2015-01-27,0,42.019999999999996,39.080093749999996
2015-01-28,0,37.8216,43.14416666666667
2015-01-29,0,37.825199999999995,47.837291666666665
2015-01-30,0,37.8288,44.088611111111106
2015-01-31,0,39.9342,42.660000000000004
2015-02-01,0,37.836000000000006,50.75631944444444
2015-02-02,0,42.044,40.110781249999995
2015-02-03,0,42.048,40.0293
2015-02-04,0,37.846799999999995,42.88500694444444
2015-02-05,0,42.056000000000004,43.075874999999996
2015-02-06,0,39.956999999999994,46.591184210526315
2015-02-07,0,42.06400000000001,42.321975
2015-02-08,0,44.17139999999999,38.78091666666666
2015-02-09,0,44.1756,36.85264285714286
2015-02-10,0,44.17979999999999,38.384303571428575
2015-02-11,0,42.08,44.8695
2015-02-12,0,44.1882,43.46035714285715
2015-02-13,0,37.8792,51.177013888888894
2015-02-14,0,37.8828,48.08177777777777
2015-02-15,0,37.8864,42.45033333333333
2015-02-16,0,39.995,45.7358552631579
2015-02-17,0,37.8936,50.628569444444445
2015-02-18,0,44.2134,40.82255357142857
2015-02-19,0,40.0064,47.88199999999999
2015-02-20,0,44.221799999999995,40.34541071428571
2015-02-21,0,44.226,38.09339285714287
2015-02-22,0,40.01780000000001,47.35849999999999
2015-02-23,0,42.128,46.3471
2015-02-24,0,40.025400000000005,42.46869078947369
2015-02-25,0,40.029199999999996,42.91702631578947
2015-02-26,0,42.14,44.4963125
2015-02-27,0,42.14399999999999,42.8922
2015-02-28,0,44.2554,42.22254761904762
2015-03-01,0,37.93679999999999,44.56258333333333
2015-03-02,0,40.0482,47.92093421052631
2015-03-03,0,42.160000000000004,45.443625
2015-03-04,0,40.055800000000005,47.749842105263156
2015-03-05,0,40.0596,43.56603947368421
2015-03-06,0,42.172,38.59755
2015-03-07,0,37.9584,48.62672222222222
2015-03-08,0,42.18,43.25934375
2015-03-09,0,37.9656,45.717749999999995
2015-03-10,0,37.9692,50.80125
2015-03-11,0,42.192,44.3697
2015-03-12,0,44.3058,37.582345238095236
2015-03-13,0,40.09,42.34375
2015-03-14,0,37.983599999999996,48.08722916666667
2015-03-15,0,42.208000000000006,38.115
2015-03-16,0,37.99079999999999,45.64725694444444
2015-03-17,0,40.1052,46.1906052631579
2015-03-18,0,40.108999999999995,47.08578947368421
2015-03-19,0,44.3352,38.6507380952381
2015-03-20,0,42.227999999999994,45.33121875
2015-03-21,0,38.0088,48.67698611111111
2015-03-22,0,44.34779999999999,38.90141666666667
2015-03-23,0,40.128,40.67999999999999
2015-03-24,0,42.244,41.95434375
2015-03-25,0,42.248000000000005,39.838375000000006
2015-03-26,0,42.252,38.56978125
2015-03-27,0,44.3688,43.76004761904762
2015-03-28,0,40.147,42.569111842105265
2015-03-29,0,38.0376,50.684083333333334
2015-03-30,0,44.3814,37.874541666666666
2015-03-31,0,42.272,39.1776
2015-04-01,0,38.0484,46.549208333333326
2015-04-02,0,40.166,46.24513157894737
2015-04-03,0,40.16980000000001,47.4985
2015-04-04,0,38.0592,46.370999999999995
2015-04-05,0,38.0628,51.7470625
2015-04-06,0,42.29599999999999,43.1822875
2015-04-07,0,40.185,46.08355263157895
2015-04-08,0,42.303999999999995,46.58265
2015-04-09,0,42.30800000000001,43.53125625
2015-04-10,0,38.080799999999996,48.84308333333333
2015-04-11,0,42.316,40.82186875
2015-04-12,0,40.204,40.918684210526315
2015-04-13,0,40.2078,48.15894078947368
2015-04-14,0,38.0952,50.649541666666664
2015-04-15,0,38.0988,43.01283333333333
2015-04-16,0,40.2192,46.91842105263158
2015-04-17,0,42.34,41.773875000000004
2015-04-18,0,40.2268,47.551
2015-04-19,0,44.4654,42.54025
2015-04-20,0,42.352,39.150425000000006
2015-04-21,0,44.4738,42.061190476190475
2015-04-22,0,42.36000000000001,38.4766875
2015-04-23,0,42.364,39.83861875
2015-04-24,0,42.36800000000001,42.305099999999996
2015-04-25,0,42.372,43.75246875
2015-04-26,0,38.138400000000004,50.222277777777784
2015-04-27,0,40.260999999999996,45.79368421052631
2015-04-28,0,44.50320000000001,41.75914285714286
2015-04-29,0,38.14919999999999,48.43931250000001
2015-04-30,0,38.1528,46.837555555555554
2015-05-01,0,38.15639999999999,50.807375
2015-05-02,0,40.28,46.61578947368421
2015-05-03,0,38.1636,45.62002083333333
2015-05-04,0,40.2876,48.501868421052635
2015-05-05,0,42.412,42.93446875
2015-05-06,0,42.416,40.556925
2015-05-07,0,38.178,49.79052083333334
2015-05-08,0,38.1816,45.92025
2015-05-09,0,40.306599999999996,44.401789473684204
2015-05-10,0,42.432,42.525
2015-05-11,0,40.3142,41.54326315789474
2015-05-12,0,40.318,48.44085526315789
2015-05-13,0,40.3218,41.63891447368421
2015-05-14,0,42.44799999999999,43.558400000000006
2015-05-15,0,42.452000000000005,41.26440625
2015-05-16,0,42.455999999999996,38.629725
2015-05-17,0,38.214000000000006,48.40888888888889
2015-05-18,0,44.587199999999996,39.71333333333333
2015-05-19,0,40.3446,48.37618421052632
2015-05-20,0,44.59559999999999,36.80102380952381
2015-05-21,0,40.3522,48.0248947368421
2015-05-22,0,42.480000000000004,45.541875000000005
2015-05-23,0,38.235600000000005,44.17365972222222
2015-05-24,0,42.488,39.2483875
2015-05-25,0,42.492000000000004,45.29647500000001
2015-05-26,0,40.3712,41.857947368421044
2015-05-27,0,40.375,49.12171052631579
2015-05-28,0,38.2536,50.52975000000001
2015-05-29,0,38.2572,51.38514583333333
2015-05-30,0,38.260799999999996,50.53716666666667
2015-05-31,0,38.264399999999995,45.71393749999999
2015-06-01,0,38.268,47.326388888888886
2015-06-02,0,42.524,38.76315625
2015-06-03,0,38.275200000000005,50.45733333333333
2015-06-04,0,38.2788,48.85158333333333
2015-06-05,0,42.536,44.2252875
2015-06-06,0,40.413,48.978355263157894
2015-06-07,0,42.544000000000004,38.5217
2015-06-08,0,38.2932,48.29770833333333
2015-06-09,0,44.6796,36.69271428571429
2015-06-10,0,42.556,46.5430875
2015-06-11,0,38.304,50.013333333333335
2015-06-12,0,40.4358,43.70504605263158
2015-06-13,0,40.4396,49.27275
2015-06-14,0,44.7006,41.741083333333336
2015-06-15,0,38.3184,42.827
2015-06-16,0,44.709,37.84863095238095
2015-06-17,0,40.4548,43.721065789473684
2015-06-18,0,44.7174,41.509625
2015-06-19,0,38.3328,42.74477777777778
2015-06-20,0,44.7258,39.32211904761905
2015-06-21,0,40.47,48.94243421052632
2015-06-22,0,42.604000000000006,44.707025
2015-06-23,0,38.3472,46.92875
2015-06-24,0,38.35080000000001,44.372249999999994
2015-06-25,0,40.4852,43.38738157894737
2015-06-26,0,44.751000000000005,41.6152380952381
2015-06-27,0,38.361599999999996,49.31333333333333
2015-06-28,0,42.628,46.51915625
2015-06-29,0,40.50039999999999,48.701552631578956
2015-06-30,0,38.3724,46.95281249999999
2015-07-01,0,38.37599999999999,49.42263888888888
2015-07-02,0,40.5118,48.442625
2015-07-03,0,40.5156,43.59256578947368
2015-07-04,0,38.3868,44.784277777777774
2015-07-05,0,44.7888,42.61866666666666
2015-07-06,0,38.394,49.34583333333333
2015-07-07,0,44.7972,42.706250000000004
2015-07-08,0,40.5346,41.90014473684211
2015-07-09,0,38.4048,47.17358333333333
2015-07-10,0,42.676,42.630193750000004
2015-07-11,0,40.546,48.384605263157894
2015-07-12,0,38.4156,51.26625
2015-07-13,0,44.82240000000001,41.74842857142857
2015-07-14,0,38.422799999999995,47.095888888888894
2015-07-15,0,42.696000000000005,44.1841125
2015-07-16,0,38.42999999999999,52.135937500000004
2015-07-17,0,40.5688,40.75807894736842
2015-07-18,0,44.843399999999995,37.937392857142854
2015-07-19,0,40.57640000000001,43.643618421052636
2015-07-20,0,42.715999999999994,44.114775
2015-07-21,0,40.584,46.44
2015-07-22,0,38.4516,44.653263888888894
2015-07-23,0,40.5916,40.86597368421053
2015-07-24,0,42.732,39.338625
2015-07-25,0,40.5992,42.13231578947369
2015-07-26,0,42.74,44.305187499999995
2015-07-27,0,40.6068,45.109776315789475
2015-07-28,0,42.748,46.193625000000004
2015-07-29,0,42.751999999999995,45.76925
2015-07-30,0,40.6182,41.87753289473684
2015-07-31,0,38.483999999999995,50.76708333333334
2015-08-01,0,44.90220000000001,40.66552976190476
2015-08-02,0,44.9064,43.7655
2015-08-03,0,44.9106,43.11664880952381
2015-08-04,0,40.63719999999999,42.61356578947368
2015-08-05,0,44.919000000000004,44.753303571428575
2015-08-06,0,40.6448,42.34947368421052
2015-08-07,0,40.6486,43.07346052631579
2015-08-08,0,42.791999999999994,40.6659375
2015-08-09,0,40.656200000000005,43.350125
2015-08-10,0,42.8,45.723749999999995
2015-08-11,0,38.5236,43.101062500000005
2015-08-12,0,40.6676,45.97381578947368
2015-08-13,0,42.812,44.877325
2015-08-14,0,40.675200000000004,43.456105263157895
2015-08-15,0,42.82,44.0273125
2015-08-16,0,42.824,43.2595625
2015-08-17,0,42.828,42.063356250000005
2015-08-18,0,38.5488,46.93086111111111
2015-08-19,0,38.5524,43.12622916666667
2015-08-20,0,40.698,44.647697368421056
2015-08-21,0,42.843999999999994,42.418406250000004
2015-08-22,0,44.99040000000001,39.177142857142854
2015-08-23,0,42.852,44.82436875
2015-08-24,0,42.85600000000001,41.5705625
2015-08-25,0,38.574,46.09763888888889
2015-08-26,0,40.720800000000004,49.44978947368421
2015-08-27,0,40.724599999999995,42.865624999999994
2015-08-28,0,45.015600000000006,41.31730952380952
2015-08-29,0,38.58839999999999,48.683395833333336
2015-08-30,0,45.024,44.834999999999994
2015-08-31,0,38.595600000000005,44.11682638888889
2015-09-01,0,38.5992,50.21870833333334
2015-09-02,0,42.892,38.9390125
2015-09-03,0,45.040800000000004,37.49592857142857
2015-09-04,0,42.9,44.606249999999996
2015-09-05,0,38.6136,46.897166666666664
2015-09-06,0,42.908,47.1865625
2015-09-07,0,45.0576,42.40971428571429
2015-09-08,0,45.0618,39.22571428571428
2015-09-09,0,40.774,49.409934210526316
2015-09-10,0,40.777800000000006,46.61313157894737
2015-09-11,0,42.928,45.14395
2015-09-12,0,40.7854,45.716434210526316
2015-09-13,0,45.0828,39.0765
2015-09-14,0,40.793000000000006,47.25924342105263
2015-09-15,0,40.7968,48.52784210526316
2015-09-16,0,40.8006,44.826
2015-09-17,0,38.6568,49.514041666666664
2015-09-18,0,42.956,45.08109375
2015-09-19,0,40.812,44.20302631578947
2015-09-20,0,38.6676,51.62417361111111
2015-09-21,0,42.968,47.238125000000004
2015-09-22,0,38.674800000000005,49.627500000000005
2015-09-23,0,38.6784,44.477111111111114
2015-09-24,0,38.682,47.53479166666667
2015-09-25,0,42.984,39.176100000000005
2015-09-26,0,40.8386,46.57700657894737
2015-09-27,0,45.1416,40.75300000000001
2015-09-28,0,42.995999999999995,38.669062499999995
2015-09-29,0,40.85,44.597039473684205
2015-09-30,0,38.703599999999994,46.50511805555556
2015-10-01,0,45.15840000000001,43.220571428571425
2015-10-02,0,43.012,45.81468125
2015-10-03,0,40.8652,46.14828947368421
2015-10-04,0,45.17099999999999,37.908125
2015-10-05,0,40.872800000000005,42.535
2015-10-06,0,43.02799999999999,44.45230625
2015-10-07,0,45.183600000000006,40.045607142857136
2015-10-08,0,43.035999999999994,38.6971875
2015-10-09,0,150.64000000000001,13.514285714285714
2015-10-10,0,152.8062,11.071790492957746
2015-10-11,0,182.954,10.382214705882353
2015-10-12,0,165.7502,11.752172077922078
2015-10-13,0,157.1544,10.676527397260275
2015-10-14,0,157.169,12.468638698630137
2015-10-15,0,187.3284,9.216890804597702
2015-10-16,0,174.4254,11.578726851851851
2015-10-17,0,167.9808,11.693974358974359
2015-10-18,0,172.304,11.1227703125
2015-10-19,0,176.628,10.642362804878047
2015-10-20,0,161.565,11.590591666666667
2015-10-21,0,152.9624,12.171732394366199
2015-10-22,0,155.13120000000004,12.48178125
2015-10-23,0,146.5264,13.444841911764707
2015-10-24,0,187.485,10.529166666666667
2015-10-25,0,178.8816,11.203373493975903
2015-10-26,0,196.14140000000003,8.799869505494506
2015-10-27,0,163.82559999999998,11.602526315789472
2015-10-28,0,185.39880000000002,9.332869186046512
2015-10-29,0,178.94799999999998,11.393403614457831
2015-10-30,0,185.4332,10.716329941860465
2015-10-31,0,194.07600000000002,9.6474
2015-11-01,0,168.2148,10.337250000000001
2015-11-02,0,176.8576,11.514682926829266
2015-11-03,0,168.246,10.824759615384615
2015-11-04,0,174.7332,10.97774074074074
2015-11-05,0,148.8606,12.563153985507245
2015-11-06,0,161.82,11.67384
2015-11-07,0,148.88819999999998,12.340155797101449
2015-11-08,0,41.001999999999995,46.54125
2015-11-09,0,41.0058,49.44799342105264
2015-11-10,0,45.32640000000001,40.55504761904762
2015-11-11,0,41.0134,42.014203947368415
2015-11-12,0,38.8584,52.014875
2015-11-13,0,43.17999999999999,41.47121875
2015-11-14,0,43.184000000000005,39.14615
2015-11-15,0,43.187999999999995,45.78879375
2015-11-16,0,41.0324,48.56532894736842
2015-11-17,0,43.196,42.431925
2015-11-18,0,45.36,42.05714285714286
2015-11-19,0,43.20399999999999,46.23335
2015-11-20,0,45.3684,39.434285714285714
2015-11-21,0,41.0514,41.95385526315789
2015-11-22,0,45.3768,43.21966666666667
2015-11-23,0,38.898,46.40013888888889
2015-11-24,0,43.224000000000004,41.245425
2015-11-25,0,41.0666,42.23851973684211
2015-11-26,0,41.0704,47.51042105263158
2015-11-27,0,38.9124,52.550916666666666
2015-11-28,0,38.916,52.650625
2015-11-29,0,43.244,45.4036625
2015-11-30,0,38.923199999999994,44.12166666666667
2015-12-01,0,41.089400000000005,41.43899999999999
2015-12-02,0,45.4188,37.49514285714286
2015-12-03,0,38.934000000000005,51.998125
2015-12-04,0,45.4272,44.32633333333333
2015-12-05,0,45.431400000000004,39.14816666666667
2015-12-06,0,45.435599999999994,39.39775
2015-12-07,0,43.276,44.65264375
2015-12-08,0,45.443999999999996,37.511428571428574
2015-12-09,0,43.284000000000006,42.931481250000004
2015-12-10,0,43.288000000000004,43.6256875
2015-12-11,0,45.4566,42.291797619047614
2015-12-12,0,41.1312,43.29094736842106
2015-12-13,0,41.135,49.75180921052632
2015-12-14,0,41.1388,45.0254605263158
2015-12-15,0,43.308,42.08593125
2015-12-16,0,41.1464,49.12578947368421
2015-12-17,0,45.4818,42.39247023809524
2015-12-18,0,41.153999999999996,44.128618421052636
2015-12-19,0,43.324,43.82698125
2015-12-20,0,38.995200000000004,43.70527777777778
2015-12-21,0,41.1654,41.772019736842104
2015-12-22,0,39.00240000000001,48.61113888888889
2015-12-23,0,41.172999999999995,50.0608552631579
2015-12-24,0,43.34400000000001,42.02685
2015-12-25,0,43.348,43.586549999999995
2015-12-26,0,41.184400000000004,46.43013157894737
2015-12-27,0,39.020399999999995,49.3014375
2015-12-28,0,45.528000000000006,44.73285714285714
2015-12-29,0,43.36399999999999,46.28084375
2015-12-30,0,45.5364,39.630964285714285
2015-12-31,0,39.034800000000004,43.643902777777775
2016-01-01,0,45.5448,38.977452380952386
2016-01-02,0,43.38,45.08278125
2016-01-03,0,45.553200000000004,37.82925
2016-01-04,0,39.0492,52.50320833333333
2016-01-05,0,45.5616,37.257714285714286
2016-01-06,0,45.565799999999996,44.84438095238095
2016-01-07,0,45.57,42.20952380952381
2016-01-08,0,45.5742,42.54235714285714
2016-01-09,0,39.0672,46.07713888888889
2016-01-10,0,39.070800000000006,49.06270833333333
2016-01-11,0,45.5868,41.644464285714285
2016-01-12,0,45.59100000000001,39.998065476190476
2016-01-13,0,43.42399999999999,43.992799999999995
2016-01-14,0,43.428000000000004,43.38973125
2016-01-15,0,41.2604,42.941565789473685
2016-01-16,0,39.092400000000005,49.3726875
2016-01-17,0,41.267999999999994,44.680263157894736
2016-01-18,0,39.0996,51.49746527777778
2016-01-19,0,41.275600000000004,48.6993947368421
2016-01-20,0,41.2794,49.25013157894737
2016-01-21,0,41.2832,47.6118947368421
2016-01-22,0,45.633,38.954047619047614
2016-01-23,0,45.6372,40.937714285714286
2016-01-24,0,39.1212,48.72709722222223
2016-01-25,0,39.1248,43.722722222222224
2016-01-26,0,43.476,43.8607125
2016-01-27,0,41.306,47.17625
2016-01-28,0,39.1356,43.82850694444445
2016-01-29,0,43.48800000000001,40.9224
2016-01-30,0,39.142799999999994,47.784777777777784
2016-01-31,0,41.321200000000005,50.01942105263157
2016-02-01,0,41.324999999999996,46.645559210526315
2016-02-02,0,39.153600000000004,47.02422222222223
2016-02-03,0,39.157199999999996,49.14770833333333
2016-02-04,0,43.512,43.6289625
2016-02-05,0,39.16439999999999,46.938006944444446
2016-02-06,0,43.52,46.75825
2016-02-07,0,43.523999999999994,39.994631250000005
2016-02-08,0,43.528000000000006,46.851749999999996
2016-02-09,0,43.532000000000004,46.42128125
2016-02-10,0,45.7128,42.64371428571429
2016-02-11,0,39.186,45.029826388888885
2016-02-12,0,41.3668,49.24048684210526
2016-02-13,0,39.1932,45.6149375
2016-02-14,0,45.7296,39.349333333333334
2016-02-15,0,43.556,46.701762499999994
2016-02-16,0,41.382,43.40625
2016-02-17,0,39.2076,53.05590277777778
2016-02-18,0,39.2112,52.86677777777777
2016-02-19,0,45.750600000000006,45.23494642857143
2016-02-20,0,45.754799999999996,37.629583333333336
2016-02-21,0,39.22200000000001,43.518368055555555
2016-02-22,0,43.583999999999996,41.601150000000004
2016-02-23,0,43.58800000000001,47.597225
2016-02-24,0,45.77159999999999,45.00304761904762
2016-02-25,0,41.4162,48.73794078947369
2016-02-26,0,43.599999999999994,39.44125
2016-02-27,0,39.2436,48.07429166666667
2016-02-28,0,39.24719999999999,49.33279166666667
2016-02-29,0,39.2508,48.6605
2016-03-01,0,45.796800000000005,44.60866666666667
2016-03-02,0,43.620000000000005,42.23643750000001
2016-03-03,0,43.624,44.4992
2016-03-04,0,41.446600000000004,48.400019736842104
2016-03-05,0,43.632,46.07025
2016-03-06,0,43.635999999999996,41.205412499999994
2016-03-07,0,45.821999999999996,37.75571428571429
2016-03-08,0,41.4618,47.86482236842105
2016-03-09,0,39.2832,45.79366666666666
2016-03-10,0,45.834599999999995,43.06404761904762
2016-03-11,0,43.656000000000006,43.1334
2016-03-12,0,45.842999999999996,44.97526785714285
2016-03-13,0,39.2976,46.19338888888889
2016-03-14,0,43.66799999999999,43.40364375
2016-03-15,0,45.8556,37.44604761904762
2016-03-16,0,43.675999999999995,45.9327
2016-03-17,0,41.496,48.078947368421055
2016-03-18,0,45.868199999999995,40.76864285714285
2016-03-19,0,43.688,40.02575
2016-03-20,0,45.8766,42.183375
2016-03-21,0,39.3264,53.18194444444445
2016-03-22,0,45.885,45.58779761904762
2016-03-23,0,41.5188,43.70198684210526
2016-03-24,0,39.3372,47.58391666666666
2016-03-25,0,39.3408,47.29716666666667
2016-03-26,0,43.716,41.52583125
2016-03-27,0,45.906,38.97083333333333
2016-03-28,0,39.3516,44.50180555555556
2016-03-29,0,41.541599999999995,48.94531578947368
2016-03-30,0,45.918600000000005,41.384327380952385
2016-03-31,0,39.362399999999994,44.70491666666667
2016-04-01,0,41.553000000000004,44.92203947368421
2016-04-02,0,43.744,43.9855
2016-04-03,0,45.9354,38.49266666666667
2016-04-04,0,43.751999999999995,39.723299999999995
2016-04-05,0,41.568200000000004,45.94367763157895
2016-04-06,0,45.94799999999999,40.160476190476196
2016-04-07,0,39.387600000000006,53.1500625
2016-04-08,0,45.956399999999995,40.49819047619047
2016-04-09,0,39.394800000000004,48.8005
2016-04-10,0,39.3984,44.640166666666666
2016-04-11,0,39.402,43.77180555555555
2016-04-12,0,41.5948,43.58125
2016-04-13,0,39.4092,49.87989583333333
2016-04-14,0,41.6024,44.13807894736842
2016-04-15,0,41.6062,45.88486842105263
2016-04-16,0,39.42,50.762499999999996
2016-04-17,0,41.6138,45.06540131578947
2016-04-18,0,45.9984,44.347428571428566
2016-04-19,0,43.812,46.5681375
2016-04-20,0,43.816,46.1354125
2016-04-21,0,39.437999999999995,46.12902777777777
2016-04-22,0,46.01520000000001,44.69242857142857
2016-04-23,0,43.827999999999996,43.96455
2016-04-24,0,41.64040000000001,44.72069736842106
2016-04-25,0,41.6442,45.09124342105263
2016-04-26,0,41.648,46.655789473684216
2016-04-27,0,43.843999999999994,39.2653125
2016-04-28,0,39.4632,49.44875
2016-04-29,0,46.0446,43.88371428571429
2016-04-30,0,41.6632,44.83178947368422
2016-05-01,0,39.474000000000004,45.0953125
2016-05-02,0,43.864000000000004,40.501400000000004
2016-05-03,0,41.6746,41.80911184210526
2016-05-04,0,46.0656,40.241142857142854
2016-05-05,0,43.876,45.92308750000001
2016-05-06,0,39.492,53.1636111111111
2016-05-07,0,46.078199999999995,37.671803571428576
2016-05-08,0,46.0824,37.425000000000004
2016-05-09,0,41.69740000000001,41.919
2016-05-10,0,39.5064,44.153958333333335
2016-05-11,0,46.095000000000006,44.75327380952381
2016-05-12,0,41.7088,45.054210526315785
2016-05-13,0,43.908,42.62985
2016-05-14,0,39.520799999999994,51.15559722222222
2016-05-15,0,41.720200000000006,41.56913157894737
2016-05-16,0,46.11599999999999,43.27142857142857
2016-05-17,0,43.92400000000001,46.486825
2016-05-18,0,43.928,41.771224999999994
2016-05-19,0,46.128600000000006,45.02858928571429
2016-05-20,0,41.739200000000004,41.584
2016-05-21,0,43.94,41.955
2016-05-22,0,41.7468,49.135026315789474
2016-05-23,0,46.1454,40.712160714285716
2016-05-24,0,41.7544,47.66963157894737
2016-05-25,0,39.5604,50.80727083333334
2016-05-26,0,46.158,41.80345238095238
2016-05-27,0,43.964,47.919174999999996
2016-05-28,0,43.967999999999996,47.0481
2016-05-29,0,43.971999999999994,41.54171875
2016-05-30,0,43.976000000000006,45.742887499999995
2016-05-31,0,41.781,49.534934210526316
2016-06-01,0,39.58560000000001,50.24952777777778
2016-06-02,0,43.988,41.02870625
2016-06-03,0,43.992000000000004,43.83123750000001
2016-06-04,0,39.596399999999996,50.260298611111104
2016-06-05,0,46.2,40.0
2016-06-06,0,41.803799999999995,42.18722368421053
2016-06-07,0,39.607200000000006,49.882124999999995
2016-06-08,0,46.212599999999995,45.50975
2016-06-09,0,46.2168,39.01114285714286
2016-06-10,0,41.819,42.015
2016-06-11,0,46.2252,42.85169047619048
2016-06-12,0,46.2294,42.104375
2016-06-13,0,41.8304,47.18484210526315
2016-06-14,0,46.2378,45.362476190476194
2016-06-15,0,46.242,44.53178571428571
2016-06-16,0,39.6396,43.97897222222222
2016-06-17,0,46.2504,40.20109523809524
2016-06-18,0,46.254599999999996,43.623803571428574
2016-06-19,0,39.6504,53.13641666666666
2016-06-20,0,39.654,51.87496527777778
2016-06-21,0,39.657599999999995,44.57866666666666
2016-06-22,0,44.068000000000005,46.34370625
2016-06-23,0,46.2756,37.96541666666667
2016-06-24,0,46.2798,41.723214285714285
2016-06-25,0,39.672,47.60958333333333
2016-06-26,0,39.6756,47.223506944444445
2016-06-27,0,46.292399999999994,40.14632142857143
2016-06-28,0,41.8874,47.696651315789474
2016-06-29,0,39.6864,50.64222222222222
2016-06-30,0,41.895,50.47154605263158
2016-07-01,0,39.6936,48.214375
2016-07-02,0,41.9026,46.32601315789474
2016-07-03,0,39.7008,46.17549999999999
2016-07-04,0,44.116,47.347875
2016-07-05,0,41.914,44.0283552631579
2016-07-06,0,41.9178,47.07769736842105
2016-07-07,0,46.334399999999995,45.854571428571425
2016-07-08,0,39.7188,45.70470138888889
2016-07-09,0,44.13600000000001,47.27703749999999
2016-07-10,0,44.14,47.368125
2016-07-11,0,46.351200000000006,44.28023809523809
2016-07-12,0,46.355399999999996,44.28339285714285
2016-07-13,0,46.35960000000001,43.86875
2016-07-14,0,46.3638,39.860732142857145
2016-07-15,0,44.160000000000004,47.12175
2016-07-16,0,39.74759999999999,53.628819444444446
2016-07-17,0,41.9596,44.06601315789474
2016-07-18,0,46.380599999999994,37.949535714285716
2016-07-19,0,44.176,48.012925
2016-07-20,0,39.762,47.401875
2016-07-21,0,44.184,41.6990625
2016-07-22,0,44.188,43.80908125
2016-07-23,0,41.9824,45.10147368421053
2016-07-24,0,44.196,41.2689375
2016-07-25,0,44.2,46.189375000000005
2016-07-26,0,44.204,42.767731250000004
2016-07-27,0,41.9976,44.65207894736842
2016-07-28,0,39.7908,51.72284722222222
2016-07-29,0,44.215999999999994,43.91875
2016-07-30,0,46.431000000000004,44.00553571428571
2016-07-31,0,44.224,41.728750000000005
2016-08-01,0,46.439400000000006,42.171
2016-08-02,0,39.8088,46.371875
2016-08-03,0,44.236000000000004,41.034706250000006
2016-08-04,0,46.452,41.92892857142857
2016-08-05,0,42.031800000000004,48.935980263157894
2016-08-06,0,42.035599999999995,50.51218421052632
2016-08-07,0,46.464600000000004,39.00808333333333
2016-08-08,0,44.256,46.587
2016-08-09,0,44.260000000000005,46.062875000000005
2016-08-10,0,44.264,42.373825
2016-08-11,0,44.268,41.49765
2016-08-12,0,44.272,44.929675
2016-08-13,0,39.8484,49.33920138888889
2016-08-14,0,42.066,44.894407894736844
2016-08-15,0,39.855599999999995,48.46677777777778
2016-08-16,0,44.288,47.58095
2016-08-17,0,46.5066,39.119589285714284
2016-08-18,0,42.08120000000001,44.25902631578948
2016-08-19,0,39.87,50.23993055555555
2016-08-20,0,44.304,40.908375
2016-08-21,0,46.523399999999995,40.22
2016-08-22,0,39.88080000000001,50.34840277777778
2016-08-23,0,39.8844,53.676187500000005
2016-08-24,0,39.888000000000005,48.88888888888889
2016-08-25,0,46.54019999999999,42.9135238095238
2016-08-26,0,42.1116,49.56493421052632
2016-08-27,0,39.898799999999994,44.204972222222224
2016-08-28,0,42.1192,48.64539473684211
2016-08-29,0,42.123000000000005,43.83029605263158
2016-08-30,0,39.9096,51.06175
2016-08-31,0,44.348,47.455581249999994
2016-09-01,0,42.1344,44.395736842105265
2016-09-02,0,39.9204,44.028125
2016-09-03,0,44.36,40.50875
2016-09-04,0,46.5822,41.685875
2016-09-05,0,44.367999999999995,41.04295
2016-09-06,0,39.934799999999996,45.01930555555556
2016-09-07,0,42.157199999999996,43.48740789473685
2016-09-08,0,46.599000000000004,38.929047619047616
2016-09-09,0,44.384,41.0546
2016-09-10,0,46.607400000000005,39.773678571428576
2016-09-11,0,46.611599999999996,45.8185
2016-09-12,0,39.9564,46.800847222222224
2016-09-13,0,39.959999999999994,44.84583333333333
2016-09-14,0,46.6242,37.93840476190476
2016-09-15,0,46.62839999999999,41.550535714285715
2016-09-16,0,44.412000000000006,43.543012499999996
2016-09-17,0,44.416000000000004,47.953599999999994
2016-09-18,0,46.641000000000005,38.62083333333334
2016-09-19,0,42.2028,45.8445
2016-09-20,0,39.9852,51.72566666666666
2016-09-21,0,39.9888,48.00638888888889
2016-09-22,0,39.9924,51.34108333333333
2016-09-23,0,46.662,45.94148809523809
2016-09-24,0,46.666199999999996,44.43285119047619
2016-09-25,0,46.6704,39.48
2016-09-26,0,42.2294,43.08178947368421
2016-09-27,0,40.010400000000004,49.59502777777778
2016-09-28,0,42.236999999999995,48.84532894736842
2016-09-29,0,40.0176,51.85669444444444
2016-09-30,0,42.2446,45.415875
2016-10-01,0,42.248400000000004,50.527578947368426
2016-10-02,0,46.699799999999996,41.01233333333333
2016-10-03,0,164.57600000000002,12.355
2016-10-04,0,186.83279999999996,11.263178571428572
2016-10-05,0,160.1568,11.474125
2016-10-06,0,160.17119999999997,13.289350694444446
2016-10-07,0,198.0072,9.045707865168538
2016-10-08,0,160.20000000000002,11.329427083333334
2016-10-09,0,198.0428,10.138182584269662
2016-10-10,0,158.0034,13.157012323943661
2016-10-11,0,166.92000000000002,12.07944
2016-10-12,0,189.193,10.451304411764706
2016-10-13,0,195.888,9.413309659090908
2016-10-14,0,202.5842,9.103625000000001
2016-10-15,0,171.4328,12.159025974025974
2016-10-16,0,158.08859999999999,12.988426056338028
2016-10-17,0,191.5048,10.826479651162792
2016-10-18,0,173.70600000000002,10.397379807692309
2016-10-19,0,158.13119999999998,13.364492957746478
2016-10-20,0,151.46320000000003,11.902106617647059
2016-10-21,0,173.75279999999998,10.671471153846154
2016-10-22,0,182.67960000000002,11.078423780487805
2016-10-23,0,196.06399999999996,9.279375
2016-10-24,0,178.25600000000003,10.915084375
2016-10-25,0,196.09919999999997,9.381127840909091
2016-10-26,0,176.0594,10.83103164556962
2016-10-27,0,198.36319999999998,9.89285393258427
2016-10-28,0,167.175,12.565475
2016-10-29,0,167.19,10.774536666666668
2016-10-30,0,189.499,9.570029411764706
2016-10-31,0,171.6792,11.989051948051948
2016-11-01,0,171.6946,11.461608766233766
2016-11-02,0,40.14,51.29375
2016-11-03,0,42.3738,48.87680921052632
2016-11-04,0,40.1472,47.27161111111111
2016-11-05,0,42.3814,51.11840131578947
2016-11-06,0,42.3852,47.490394736842106
2016-11-07,0,46.851,41.28541666666667
2016-11-08,0,42.39280000000001,48.24215789473684
2016-11-09,0,46.859399999999994,41.54405357142857
2016-11-10,0,46.863600000000005,45.17076190476191
2016-11-11,0,46.867799999999995,42.13988095238095
2016-11-12,0,44.64,43.896
2016-11-13,0,42.41179999999999,42.389835526315785
2016-11-14,0,42.415600000000005,49.75334210526315
2016-11-15,0,46.88459999999999,39.454071428571424
2016-11-16,0,42.4232,46.21936842105263
2016-11-17,0,40.194,45.446041666666666
2016-11-18,0,46.8972,38.113285714285716
2016-11-19,0,40.2012,51.55213888888889
2016-11-20,0,40.2048,47.128277777777775
2016-11-21,0,42.4422,44.557776315789475
2016-11-22,0,42.446,44.56092105263158
2016-11-23,0,40.2156,44.57960416666667
2016-11-24,0,46.922399999999996,40.06964285714286
2016-11-25,0,44.692,45.5307625
2016-11-26,0,46.9308,41.34083333333333
2016-11-27,0,46.93500000000001,40.1625
2016-11-28,0,44.70399999999999,44.3
2016-11-29,0,46.943400000000004,44.72505952380952
2016-11-30,0,40.24079999999999,48.83533333333334
2016-12-01,0,40.244400000000006,49.13417361111111
2016-12-02,0,42.483999999999995,43.09973684210526
2016-12-03,0,46.9602,41.61448214285714
2016-12-04,0,44.727999999999994,40.241425
2016-12-05,0,42.495400000000004,46.561296052631576
2016-12-06,0,40.26239999999999,51.51550000000001
2016-12-07,0,40.266000000000005,51.617638888888884
2016-12-08,0,42.5068,47.69109210526316
2016-12-09,0,40.2732,48.17668750000001
2016-12-10,0,42.5144,46.85773684210526
2016-12-11,0,42.5182,48.167921052631584
2016-12-12,0,42.522,45.370657894736844
2016-12-13,0,42.5258,51.068927631578944
2016-12-14,0,40.291199999999996,53.614222222222224
2016-12-15,0,42.5334,45.100125
2016-12-16,0,42.5372,46.78417105263158
2016-12-17,0,40.302,52.54121527777778
2016-12-18,0,40.305600000000005,44.95399999999999
2016-12-19,0,47.0274,40.90088095238095
2016-12-20,0,47.031600000000005,44.4532619047619
2016-12-21,0,47.035799999999995,43.78025
2016-12-22,0,44.800000000000004,42.33375
2016-12-23,0,40.3236,51.77447916666667
2016-12-24,0,44.80800000000001,44.8250625
2016-12-25,0,44.812,41.810081249999996
2016-12-26,0,47.0568,38.80735714285714
2016-12-27,0,47.061,43.88330357142857
2016-12-28,0,40.3416,49.918305555555555
2016-12-29,0,42.586600000000004,46.92048684210527
2016-12-30,0,44.832,44.2224
2016-12-31,0,40.3524,44.69914583333333
2017-01-01,0,47.082,43.81416666666667
2017-01-02,0,42.6018,46.65321710526316
2017-01-03,0,40.3632,45.30075
2017-01-04,0,40.3668,45.50134027777778
2017-01-05,0,44.855999999999995,43.2638625
2017-01-06,0,42.617000000000004,49.37842105263158
2017-01-07,0,47.1072,41.209476190476195
2017-01-08,0,42.62460000000001,48.543572368421046
2017-01-09,0,44.872,41.054475000000004
2017-01-10,0,44.876000000000005,48.78894375
2017-01-11,0,42.635999999999996,50.42486842105263
2017-01-12,0,40.3956,50.06977083333334
2017-01-13,0,47.1324,39.872392857142856
2017-01-14,0,42.647400000000005,45.756888157894736
2017-01-15,0,40.40639999999999,50.080333333333336
2017-01-16,0,42.655,44.26595394736842
2017-01-17,0,47.1492,42.339285714285715
2017-01-18,0,47.153400000000005,42.00352380952381
2017-01-19,0,44.912,43.039699999999996
2017-01-20,0,44.916,45.3549375
2017-01-21,0,42.674,46.2475
2017-01-22,0,44.924,41.8035625
2017-01-23,0,44.928,44.74184999999999
2017-01-24,0,40.4388,48.23405555555556
2017-01-25,0,42.6892,47.10330263157895
2017-01-26,0,40.446,49.427083333333336
2017-01-27,0,40.449600000000004,53.385000000000005
2017-01-28,0,42.700599999999994,43.5539802631579
2017-01-29,0,42.70440000000001,49.73932894736841
2017-01-30,0,44.955999999999996,42.1830375
2017-01-31,0,40.464000000000006,44.89555555555555
2017-02-01,0,44.964,48.063375
2017-02-02,0,42.7196,47.41086842105263
2017-02-03,0,40.474799999999995,48.46576388888889
2017-02-04,0,44.976,48.073499999999996
2017-02-05,0,44.980000000000004,43.6253125
2017-02-06,0,42.7348,45.45598684210527
2017-02-07,0,42.7386,49.20838815789474
2017-02-08,0,47.2416,41.556666666666665
2017-02-09,0,44.996,48.980937499999996
2017-02-10,0,40.5,48.192708333333336
2017-02-11,0,45.004,46.404818750000004
2017-02-12,0,42.7576,44.068684210526314
2017-02-13,0,45.012,43.20440625
2017-02-14,0,42.7652,44.07486842105263
2017-02-15,0,45.019999999999996,40.983124999999994
2017-02-16,0,47.2752,45.822857142857146
2017-02-17,0,47.27940000000001,42.60127380952381
2017-02-18,0,40.5288,46.83356944444444
2017-02-19,0,40.5324,52.778104166666665
2017-02-20,0,40.535999999999994,45.55277777777778
2017-02-21,0,45.044000000000004,46.5265125
2017-02-22,0,47.300399999999996,40.324107142857144
2017-02-23,0,40.546800000000005,50.41574305555556
2017-02-24,0,45.056,48.23015
2017-02-25,0,45.06,43.50825
2017-02-26,0,42.8108,50.024855263157896
2017-02-27,0,40.5612,45.27790972222222
2017-02-28,0,47.3256,43.48342857142857
2017-03-01,0,47.3298,46.11944642857143
2017-03-02,0,42.826,50.88381578947369
2017-03-03,0,47.3382,40.34955357142858
2017-03-04,0,47.3424,45.9592380952381
2017-03-05,0,42.8374,50.70671052631579
2017-03-06,0,40.5864,53.725750000000005
2017-03-07,0,47.355,39.25625
2017-03-08,0,42.848800000000004,51.09305263157895
2017-03-09,0,42.852599999999995,46.77596052631579
2017-03-10,0,47.3676,38.24464285714285
2017-03-11,0,47.37179999999999,44.621875
2017-03-12,0,40.608000000000004,52.955000000000005
2017-03-13,0,42.867799999999995,47.164881578947366
2017-03-14,0,40.6152,52.664875
2017-03-15,0,45.13199999999999,42.75973125
2017-03-16,0,42.879200000000004,43.979684210526315
2017-03-17,0,42.882999999999996,48.305855263157895
2017-03-18,0,42.8868,48.02727631578947
2017-03-19,0,45.148,48.12933124999999
2017-03-20,0,47.4096,40.05742857142857
2017-03-21,0,42.8982,47.75534210526315
2017-03-22,0,45.16,48.6753125
2017-03-23,0,45.164,47.3389375
2017-03-24,0,47.4264,41.34471428571428
2017-03-25,0,42.913399999999996,49.08517105263157
2017-03-26,0,45.176,41.80995
2017-03-27,0,42.921,49.562269736842104
2017-03-28,0,47.4432,40.84571428571429
2017-03-29,0,47.44740000000001,45.18873214285714
2017-03-30,0,47.4516,40.255678571428575
2017-03-31,0,45.196000000000005,44.95248125
2017-04-01,0,42.94,44.49934210526316
2017-04-02,0,42.9438,49.01855921052632
2017-04-03,0,42.947599999999994,44.41147368421052
2017-04-04,0,40.6908,46.584076388888896
2017-04-05,0,42.95519999999999,43.94715789473684
2017-04-06,0,42.959,47.15003289473684
2017-04-07,0,40.7016,53.15076388888889
2017-04-08,0,47.4894,38.32232142857143
2017-04-09,0,47.4936,42.75366666666667
2017-04-10,0,47.4978,38.498023809523815
2017-04-11,0,42.978,48.20210526315789
2017-04-12,0,40.7196,44.92063888888889
2017-04-13,0,47.5104,39.61357142857143
2017-04-14,0,45.251999999999995,42.223349999999996
2017-04-15,0,47.5188,41.578761904761905
2017-04-16,0,40.733999999999995,47.716666666666676
2017-04-17,0,45.26400000000001,43.48485
2017-04-18,0,47.5314,43.54754166666667
2017-04-19,0,47.5356,42.1017380952381
2017-04-20,0,40.7484,50.8125625
2017-04-21,0,40.752,44.75
2017-04-22,0,45.28399999999999,48.24386875
2017-04-23,0,45.288000000000004,47.26259999999999
2017-04-24,0,47.556599999999996,40.070297619047615
2017-04-25,0,47.5608,46.041428571428575
2017-04-26,0,40.769999999999996,51.0328125
2017-04-27,0,40.7736,53.92147222222222
2017-04-28,0,40.7772,47.75666666666667
2017-04-29,0,40.7808,45.6705
2017-04-30,0,40.7844,48.95741666666667
2017-05-01,0,43.054,45.25263157894737
2017-05-02,0,47.5902,38.813125
2017-05-03,0,43.0616,42.61884210526316
2017-05-04,0,45.332,41.5657
2017-05-05,0,47.6028,42.319428571428574
2017-05-06,0,45.339999999999996,41.929875
2017-05-07,0,40.809599999999996,45.89511111111111
2017-05-08,0,40.81320000000001,45.898312499999996
2017-05-09,0,47.6196,43.95279761904762
2017-05-10,0,43.08820000000001,49.148809210526316
2017-05-11,0,43.092,42.92565789473684
2017-05-12,0,47.632200000000005,40.035291666666666
2017-05-13,0,40.831199999999995,53.88209722222222
2017-05-14,0,40.8348,51.89377083333333
2017-05-15,0,47.6448,40.8974761904762
2017-05-16,0,40.842,48.91246527777778
2017-05-17,0,45.384,40.52745
2017-05-18,0,47.6574,39.71044642857143
2017-05-19,0,47.6616,42.78778571428571
2017-05-20,0,43.1262,49.37188815789474
2017-05-21,0,43.13,44.560526315789474
2017-05-22,0,43.1338,50.60615789473684
2017-05-23,0,45.408,41.3517
2017-05-24,0,40.8708,47.94300694444444
2017-05-25,0,43.145199999999996,44.95068421052632
2017-05-26,0,45.42,45.48740625000001
2017-05-27,0,45.42400000000001,41.991299999999995
2017-05-28,0,47.6994,42.814625
2017-05-29,0,45.432,40.561350000000004
2017-05-30,0,40.892399999999995,45.7693125
2017-05-31,0,45.440000000000005,44.157000000000004
2017-06-01,0,40.89959999999999,50.46295833333333
2017-06-02,0,47.720400000000005,43.85539285714285
2017-06-03,0,45.452,47.2183625
2017-06-04,0,47.72880000000001,46.512
2017-06-05,0,40.913999999999994,46.786006944444445
2017-06-06,0,47.7372,41.47327380952381
2017-06-07,0,47.7414,46.350678571428574
2017-06-08,0,43.1984,46.79052631578948
2017-06-09,0,45.476,47.058475
2017-06-10,0,43.206,46.7025
2017-06-11,0,45.484,41.316625
2017-06-12,0,43.2136,46.80355263157895
2017-06-13,0,43.2174,51.440210526315795
2017-06-14,0,40.9464,54.30177777777777
2017-06-15,0,43.225,50.59621710526316
2017-06-16,0,43.2288,51.450947368421055
2017-06-17,0,47.78340000000001,46.21178571428571
2017-06-18,0,40.9608,49.52422222222223
2017-06-19,0,43.2402,44.934374999999996
2017-06-20,0,45.519999999999996,44.30837499999999
2017-06-21,0,43.247800000000005,51.75267763157895
2017-06-22,0,45.52799999999999,43.954987499999994
2017-06-23,0,45.532000000000004,41.5309125
2017-06-24,0,45.535999999999994,43.152
2017-06-25,0,40.986000000000004,54.742916666666666
2017-06-26,0,45.544,43.337825
2017-06-27,0,45.548,41.362625
2017-06-28,0,40.9968,49.059083333333334
2017-06-29,0,45.556,49.012531249999995
2017-06-30,0,47.838,46.25357142857143
2017-07-01,0,41.0076,54.76575
2017-07-02,0,41.0112,48.573
2017-07-03,0,43.2934,42.98961842105263
2017-07-04,0,41.0184,52.678041666666665
2017-07-05,0,45.58,42.555218749999995
2017-07-06,0,47.8632,46.4442380952381
2017-07-07,0,45.587999999999994,40.671525
2017-07-08,0,45.592000000000006,41.0343
2017-07-09,0,43.316199999999995,51.72272368421053
2017-07-10,0,45.60000000000001,46.17
2017-07-11,0,43.3238,51.9193947368421
2017-07-12,0,45.608000000000004,45.906375000000004
2017-07-13,0,47.892599999999995,40.46557142857142
2017-07-14,0,41.0544,49.11363888888889
2017-07-15,0,47.900999999999996,45.015625
2017-07-16,0,47.9052,46.219249999999995
2017-07-17,0,43.3466,47.86536184210526
2017-07-18,0,45.632000000000005,41.963300000000004
2017-07-19,0,47.9178,43.31276785714285
2017-07-20,0,47.922,46.14630952380953
2017-07-21,0,43.3618,47.49941447368421
2017-07-22,0,41.0832,45.53791666666667
2017-07-23,0,45.652,47.833143750000005
2017-07-24,0,45.656,42.16095
2017-07-25,0,41.094,50.7528125
2017-07-26,0,47.947199999999995,45.82228571428571
2017-07-27,0,43.384600000000006,48.37282894736842
2017-07-28,0,41.1048,48.560624999999995
2017-07-29,0,43.3922,48.94871052631579
2017-07-30,0,45.67999999999999,44.251375
2017-07-31,0,43.399800000000006,46.109249999999996
2017-08-01,0,47.97239999999999,42.92261904761905
2017-08-02,0,43.4074,49.341842105263154
2017-08-03,0,43.411199999999994,52.002315789473684
2017-08-04,0,45.7,42.55375000000001
2017-08-05,0,45.70399999999999,46.8845
2017-08-06,0,47.9934,43.6245
2017-08-07,0,41.1408,48.49411111111112
2017-08-08,0,43.4302,51.73555921052632
2017-08-09,0,48.006,45.17964285714286
2017-08-10,0,45.724000000000004,42.03028750000001
2017-08-11,0,48.0144,39.430285714285716
2017-08-12,0,45.732,48.621168749999995
2017-08-13,0,45.736,44.745400000000004
2017-08-14,0,43.452999999999996,48.71812499999999
2017-08-15,0,43.4568,46.917
2017-08-16,0,48.035399999999996,43.99847619047619
2017-08-17,0,45.75200000000001,49.3599125
2017-08-18,0,43.468199999999996,43.50698684210526
2017-08-19,0,41.184000000000005,54.45083333333334
2017-08-20,0,43.47579999999999,52.06360526315789
2017-08-21,0,48.056400000000004,44.35757142857143
2017-08-22,0,43.483399999999996,50.45548026315789
2017-08-23,0,41.19840000000001,49.95216666666666
2017-08-24,0,41.202,52.8646875
2017-08-25,0,45.784000000000006,47.852375
2017-08-26,0,48.077400000000004,45.40485714285714
2017-08-27,0,41.2128,47.45766666666667
2017-08-28,0,45.796,47.41078125
2017-08-29,0,41.22,45.95902777777777
2017-08-30,0,48.0942,46.363625000000006
2017-08-31,0,43.5176,44.592026315789475
2017-09-01,0,48.1026,40.520017857142854
2017-09-02,0,41.2344,45.97175
2017-09-03,0,43.528999999999996,43.365
2017-09-04,0,43.532799999999995,45.270105263157895
2017-09-05,0,48.119400000000006,46.98525
2017-09-06,0,45.831999999999994,44.910162500000006
2017-09-07,0,48.12780000000001,40.881101190476194
2017-09-08,0,45.839999999999996,43.0185
2017-09-09,0,48.1362,46.30963095238096
2017-09-10,0,48.14039999999999,44.84941666666667
2017-09-11,0,48.144600000000004,39.68716071428572
2017-09-12,0,43.563199999999995,45.009684210526316
2017-09-13,0,41.274,54.54510416666667
2017-09-14,0,41.27759999999999,50.22916666666667
2017-09-15,0,43.574600000000004,49.96825657894736
2017-09-16,0,41.284800000000004,48.126194444444444
2017-09-17,0,41.2884,51.746770833333336
2017-09-18,0,43.586,43.88598684210526
2017-09-19,0,41.2956,45.92532638888889
2017-09-20,0,48.1824,40.14257142857143
2017-09-21,0,48.1866,42.72980952380952
2017-09-22,0,45.896,48.2165125
2017-09-23,0,43.605,49.51973684210526
2017-09-24,0,43.608799999999995,49.713631578947364
2017-09-25,0,45.908,42.345225
2017-09-26,0,43.616400000000006,44.48175
2017-09-27,0,43.6202,51.91483552631579
2017-09-28,0,156.12800000000001,14.054117647058824
2017-09-29,0,202.0656,9.523725852272728
2017-09-30,0,195.19400000000002,10.584638235294117
2017-10-01,0,204.39739999999998,10.475765449438201
2017-10-02,0,183.74400000000003,10.863
2017-10-03,0,192.94799999999998,11.33796130952381
2017-10-04,0,195.262,10.949711764705883
2017-10-05,0,167.71020000000001,12.155188356164384
2017-10-06,0,158.5344,13.98931884057971
2017-10-07,0,165.4416,11.31953125
2017-10-08,0,176.946,11.361477272727273
2017-10-09,0,181.55780000000001,11.212181962025316
2017-10-10,0,167.7832,13.300876712328767
2017-10-11,0,181.5894,11.557708860759494
2017-10-12,0,202.2944,10.994028409090909
2017-10-13,0,165.528,12.959939236111111
2017-10-14,0,190.8336,10.151566265060241
2017-10-15,0,174.75440000000003,11.063500000000001
2017-10-16,0,170.1704,13.322486486486488
2017-10-17,0,181.68420000000003,12.617800632911392
2017-10-18,0,204.7,9.714185393258427
2017-10-19,0,207.01800000000003,10.271541666666668
2017-10-20,0,193.23359999999997,10.229089285714286
2017-10-21,0,174.84560000000002,12.78553947368421
2017-10-22,0,209.37279999999998,10.140846153846153
2017-10-23,0,161.07000000000002,13.572535714285713
2017-10-24,0,172.58999999999997,12.499336666666668
2017-10-25,0,209.4274,9.266146978021977
2017-10-26,0,172.62,11.38878
2017-10-27,0,184.144,12.015265625
2017-10-28,0,43.738,43.53
2017-10-29,0,41.4396,54.61779166666666
2017-10-30,0,43.7456,46.782105263157895
2017-10-31,0,46.052,45.8973625
2017-11-01,0,43.7532,48.79377631578947
2017-11-02,0,41.454,51.306493055555556
2017-11-03,0,41.4576,54.13258333333333
2017-11-04,0,46.068,45.18416249999999
2017-11-05,0,46.072,45.187275
2017-11-06,0,46.07599999999999,45.462618750000004
2017-11-07,0,48.38400000000001,46.15285714285714
2017-11-08,0,48.3882,39.068404761904766
2017-11-09,0,41.479200000000006,51.12954166666667
2017-11-10,0,46.092,48.65205
2017-11-11,0,43.7912,47.3941052631579
2017-11-12,0,46.099999999999994,41.30546875
2017-11-13,0,48.409200000000006,43.31860714285715
2017-11-14,0,48.413399999999996,46.78039880952382
2017-11-15,0,46.112,46.852799999999995
2017-11-16,0,41.504400000000004,48.7326875
2017-11-17,0,48.426,40.303452380952386
2017-11-18,0,46.124,42.6848125
2017-11-19,0,43.821600000000004,52.20047368421053
2017-11-20,0,41.5188,51.47104166666667
2017-11-21,0,48.4428,39.276404761904764
2017-11-22,0,43.833,44.17875
2017-11-23,0,41.5296,52.99583333333334
2017-11-24,0,41.5332,55.01850694444444
2017-11-25,0,46.152,43.341412500000004
2017-11-26,0,48.463800000000006,43.790083333333335
2017-11-27,0,48.467999999999996,39.552261904761906
2017-11-28,0,41.5476,46.45041666666667
2017-11-29,0,48.4764,44.75127380952381
2017-11-30,0,41.5548,52.21340972222222
2017-12-01,0,48.48479999999999,45.10371428571429
2017-12-02,0,43.871,47.8453947368421
2017-12-03,0,48.493199999999995,45.542833333333334
2017-12-04,0,43.878600000000006,43.736703947368426
2017-12-05,0,43.882400000000004,52.066526315789474
2017-12-06,0,41.5764,51.32563888888888
2017-12-07,0,41.58,47.590625
2017-12-08,0,41.583600000000004,50.72640277777778
2017-12-09,0,41.5872,48.2035
2017-12-10,0,46.212,46.205775
2017-12-11,0,48.5268,42.102642857142854
2017-12-12,0,43.909,45.58013157894737
2017-12-13,0,43.9128,49.318026315789474
2017-12-14,0,41.605199999999996,46.90588888888889
2017-12-15,0,46.232000000000006,43.2190625
2017-12-16,0,41.612399999999994,54.19183333333334
2017-12-17,0,46.24000000000001,44.681
2017-12-18,0,46.244,43.40998125
2017-12-19,0,41.623200000000004,51.371500000000005
2017-12-20,0,46.251999999999995,47.693825
2017-12-21,0,43.943200000000004,47.42881578947369
2017-12-22,0,48.57299999999999,46.81607142857143
2017-12-23,0,43.9508,49.83105263157894
2017-12-24,0,41.6412,54.62625
2017-12-25,0,46.272000000000006,47.7102
2017-12-26,0,46.276,44.16228125
2017-12-27,0,48.594,45.79142857142857
2017-12-28,0,46.284,42.89338125
2017-12-29,0,41.6592,48.77572222222222
2017-12-30,0,43.9774,46.115874999999996
2017-12-31,0,48.6108,40.599
2018-01-01,0,43.985,48.80707236842105
2018-01-02,0,41.6736,45.75244444444444
2018-01-03,0,48.6234,39.305839285714285
2018-01-04,0,43.996399999999994,49.296657894736846
2018-01-05,0,48.631800000000005,44.344458333333336
2018-01-06,0,44.004,44.79513157894737
2018-01-07,0,41.69160000000001,54.780006944444445
2018-01-08,0,44.011599999999994,51.99634210526316
2018-01-09,0,46.33200000000001,42.928706250000005
2018-01-10,0,48.65279999999999,46.61671428571429
2018-01-11,0,44.023,49.60819078947368
2018-01-12,0,46.343999999999994,43.6668375
2018-01-13,0,46.348,42.4846375
2018-01-14,0,48.6696,41.072166666666675
2018-01-15,0,48.6738,46.71953571428572
2018-01-16,0,46.36,43.952375
2018-01-17,0,48.6822,45.42317261904762
2018-01-18,0,41.7312,51.88266666666666
2018-01-19,0,41.7348,50.46745833333333
2018-01-20,0,44.0572,47.142460526315794
2018-01-21,0,41.742,49.460833333333326
2018-01-22,0,48.703199999999995,40.66028571428571
2018-01-23,0,48.7074,47.09270238095239
2018-01-24,0,48.711600000000004,45.444964285714285
2018-01-25,0,44.0762,52.34509868421053
2018-01-26,0,48.720000000000006,43.713095238095235
2018-01-27,0,41.7636,48.46720833333333
2018-01-28,0,41.7672,53.642069444444445
2018-01-29,0,44.09139999999999,51.39871710526316
2018-01-30,0,46.416000000000004,44.35965
2018-01-31,0,44.099,48.71536184210527
2018-02-01,0,46.42400000000001,43.1789875
2018-02-02,0,48.749399999999994,43.99489285714285
2018-02-03,0,46.432,47.932500000000005
2018-02-04,0,48.7578,42.87045833333333
2018-02-05,0,48.762,42.6125
2018-02-06,0,41.7996,49.10919444444445
2018-02-07,0,46.448,46.94105
2018-02-08,0,48.7746,39.576875
2018-02-09,0,46.456,46.0341
2018-02-10,0,48.783,42.19211309523809
2018-02-11,0,46.464,41.929649999999995
2018-02-12,0,44.1446,52.69813157894737
2018-02-13,0,48.7956,39.93846428571429
2018-02-14,0,41.8284,50.151291666666665
2018-02-15,0,48.803999999999995,41.16226190476191
2018-02-16,0,44.159800000000004,51.558263157894736
2018-02-17,0,44.163599999999995,49.253052631578946
2018-02-18,0,41.842800000000004,48.844881944444445
2018-02-19,0,44.1712,43.390947368421045
2018-02-20,0,46.5,42.321093749999996
2018-02-21,0,41.85359999999999,53.933375000000005
2018-02-22,0,46.508,47.35491249999999
2018-02-23,0,44.18639999999999,44.26894736842105
2018-02-24,0,41.8644,47.13788888888889
2018-02-25,0,46.52,47.91325
2018-02-26,0,46.524,44.35021875
2018-02-27,0,44.2016,52.65594736842105
2018-02-28,0,41.8788,53.9591875
2018-03-01,0,46.536,47.377575
2018-03-02,0,41.885999999999996,55.186145833333335
2018-03-03,0,46.544,49.94535
2018-03-04,0,44.2206,49.30357894736842
2018-03-05,0,44.224399999999996,48.92173684210526
2018-03-06,0,44.2282,46.32473026315789
2018-03-07,0,44.232000000000006,50.46947368421053
2018-03-08,0,44.2358,44.11564473684211
2018-03-09,0,44.2396,46.14156578947368
2018-03-10,0,48.9006,43.49319642857143
2018-03-11,0,48.9048,41.84
2018-03-12,0,46.58,41.555187499999995
2018-03-13,0,41.9256,49.43025
2018-03-14,0,46.587999999999994,45.4057
2018-03-15,0,41.9328,47.30083333333333
2018-03-16,0,41.9364,49.949020833333336
2018-03-17,0,41.94,47.51076388888889
2018-03-18,0,44.2738,50.5073947368421
2018-03-19,0,41.9472,54.23275
2018-03-20,0,46.612,47.16434374999999
2018-03-21,0,44.2852,52.63871052631579
2018-03-22,0,44.289,50.906842105263166
2018-03-23,0,41.9616,48.14088888888889
2018-03-24,0,44.2966,45.32098684210526
2018-03-25,0,41.9688,52.320916666666676
2018-03-26,0,41.97240000000001,52.120888888888885
2018-03-27,0,48.971999999999994,46.68511904761905
2018-03-28,0,48.976200000000006,40.23048214285714
2018-03-29,0,41.9832,51.31699999999999
2018-03-30,0,48.98460000000001,40.061410714285714
2018-03-31,0,44.32319999999999,50.74515789473684
2018-04-01,0,44.327000000000005,49.97677631578947
2018-04-02,0,46.663999999999994,45.464600000000004
2018-04-03,0,46.668000000000006,42.25929375
2018-04-04,0,46.672,43.545625
2018-04-05,0,49.0098,44.007000000000005
2018-04-06,0,44.346000000000004,52.889210526315786
2018-04-07,0,42.0156,54.20119444444445
2018-04-08,0,44.3536,48.64926315789474
2018-04-09,0,44.3574,46.62538815789474
2018-04-10,0,49.0308,47.428464285714284
2018-04-11,0,46.7,50.07843750000001
2018-04-12,0,46.704,48.797700000000006
2018-04-13,0,44.3726,48.47272368421053
2018-04-14,0,42.0408,48.72280555555556
2018-04-15,0,44.380199999999995,52.052506578947366
2018-04-16,0,49.056000000000004,41.24380952380952
2018-04-17,0,42.05159999999999,47.30544444444445
2018-04-18,0,46.72800000000001,43.862474999999996
2018-04-19,0,46.732,45.79260625
2018-04-20,0,49.0728,42.740928571428576
2018-04-21,0,44.40299999999999,50.52799342105263
2018-04-22,0,42.0696,55.990375
2018-04-23,0,44.410599999999995,45.896875
2018-04-24,0,44.4144,51.11810526315789
2018-04-25,0,44.4182,52.76443421052632
2018-04-26,0,44.422000000000004,43.58677631578948
2018-04-27,0,44.4258,50.935243421052625
2018-04-28,0,49.1064,40.490452380952384
2018-04-29,0,42.0948,51.73160416666667
2018-04-30,0,49.1148,45.74382142857143
2018-05-01,0,49.119,45.57199404761905
2018-05-02,0,49.1232,43.03828571428571
2018-05-03,0,46.788,50.1535125
2018-05-04,0,44.4524,47.38171052631579
2018-05-05,0,44.45620000000001,43.80688815789473
2018-05-06,0,49.14,46.025
2018-05-07,0,49.144200000000005,41.30280952380952
2018-05-08,0,42.127199999999995,54.826208333333334
2018-05-09,0,46.812000000000005,48.7036875
2018-05-10,0,46.815999999999995,47.052800000000005
2018-05-11,0,42.138000000000005,51.56961805555556
2018-05-12,0,46.824,45.772425
2018-05-13,0,42.1452,55.151250000000005
2018-05-14,0,42.148799999999994,53.11222222222222
2018-05-15,0,44.4942,46.449473684210524
2018-05-16,0,49.182,39.401785714285715
2018-05-17,0,42.1596,55.16625
2018-05-18,0,42.1632,49.75516666666667
2018-05-19,0,49.1946,45.978125000000006
2018-05-20,0,49.1988,39.85041666666667
2018-05-21,0,46.86,50.12296875
2018-05-22,0,44.5208,45.987500000000004
2018-05-23,0,44.5246,50.83174342105263
2018-05-24,0,42.184799999999996,49.366625
2018-05-25,0,42.1884,54.58295833333334
2018-05-26,0,44.53600000000001,45.612631578947365
2018-05-27,0,46.884,42.598893749999995
2018-05-28,0,44.543600000000005,48.04021052631579
2018-05-29,0,42.202799999999996,47.84975
2018-05-30,0,49.24080000000001,39.61457142857143
2018-05-31,0,44.55499999999999,51.828125
2018-06-01,0,46.904,41.9691
2018-06-02,0,44.562599999999996,46.11876315789474
2018-06-03,0,42.220800000000004,47.25233333333333
2018-06-04,0,42.2244,52.267493055555555
2018-06-05,0,49.266000000000005,40.85821428571428
2018-06-06,0,49.2702,40.68561904761905
2018-06-07,0,42.2352,50.74355555555556
2018-06-08,0,49.2786,42.26967857142857
2018-06-09,0,46.936,50.5560375
2018-06-10,0,44.592999999999996,50.79697368421052
2018-06-11,0,49.291199999999996,42.278285714285715
2018-06-12,0,44.6006,46.92571052631579
2018-06-13,0,49.2996,45.79307142857143
2018-06-14,0,42.260400000000004,54.554770833333336
2018-06-15,0,46.959999999999994,45.601875
2018-06-16,0,44.61580000000001,48.97503289473684
2018-06-17,0,44.6196,52.17892105263158
2018-06-18,0,42.274800000000006,53.955284722222224
2018-06-19,0,46.976,44.6006
2018-06-20,0,42.282000000000004,47.306875000000005
2018-06-21,0,42.285599999999995,49.56294444444445
2018-06-22,0,46.988,43.3193125
2018-06-23,0,44.642399999999995,44.04994736842106
2018-06-24,0,46.996,46.090624999999996
2018-06-25,0,47.0,49.228125
2018-06-26,0,42.3036,49.6821875
2018-06-27,0,49.3584,44.08038095238095
2018-06-28,0,44.6614,49.694315789473684
2018-06-29,0,49.3668,40.83696428571428
2018-06-30,0,49.371,44.35282738095238
2018-07-01,0,42.3216,55.64241666666667
2018-07-02,0,44.6766,52.232013157894734
2018-07-03,0,47.032,47.502312499999995
2018-07-04,0,42.3324,47.24929861111111
2018-07-05,0,44.688,44.57131578947369
2018-07-06,0,49.39619999999999,42.26214880952381
2018-07-07,0,47.048,42.994325
2018-07-08,0,44.6994,50.1165
2018-07-09,0,42.35040000000001,48.08552777777778
2018-07-10,0,44.706999999999994,44.295
2018-07-11,0,44.710800000000006,47.11519736842106
2018-07-12,0,44.7146,44.78675657894737
2018-07-13,0,42.3648,53.226333333333336
2018-07-14,0,42.368399999999994,55.178625000000004
2018-07-15,0,49.434000000000005,40.35375
2018-07-16,0,47.084,42.374306250000004
2018-07-17,0,44.7336,44.70473684210526
2018-07-18,0,49.446600000000004,40.713684523809526
2018-07-19,0,44.7412,51.611802631578946
2018-07-20,0,44.745,47.62993421052632
2018-07-21,0,49.459199999999996,43.800285714285714
2018-07-22,0,44.7526,45.69203947368421
2018-07-23,0,42.4008,48.23374999999999
2018-07-24,0,44.7602,48.71236184210526
2018-07-25,0,49.476,43.90011904761905
2018-07-26,0,44.76780000000001,51.83074342105263
2018-07-27,0,47.128,46.6556875
2018-07-28,0,49.488600000000005,39.86130357142858
2018-07-29,0,47.135999999999996,44.444399999999995
2018-07-30,0,47.14,44.724624999999996
2018-07-31,0,42.42959999999999,53.49656944444444
2018-08-01,0,44.790600000000005,45.72296052631579
2018-08-02,0,49.50959999999999,47.444833333333335
2018-08-03,0,49.5138,40.58172023809524
2018-08-04,0,49.518,40.6725
2018-08-05,0,44.805800000000005,48.65460526315789
2018-08-06,0,44.8096,49.24178947368421
2018-08-07,0,49.5306,41.82544642857143
2018-08-08,0,42.4584,48.49144444444445
2018-08-09,0,47.18,50.02559375
2018-08-10,0,49.5432,45.53292857142857
2018-08-11,0,47.188,44.760925
2018-08-12,0,42.4728,47.37415277777778
2018-08-13,0,49.5558,40.43298214285714
2018-08-14,0,42.480000000000004,55.60277777777778
2018-08-15,0,42.483599999999996,53.653625
2018-08-16,0,49.568400000000004,39.64821428571428
2018-08-17,0,49.572599999999994,48.1978630952381
2018-08-18,0,49.576800000000006,45.38130952380953
2018-08-19,0,47.22,49.0415625
2018-08-20,0,42.5016,48.942055555555555
2018-08-21,0,47.227999999999994,47.66003125
2018-08-22,0,44.870400000000004,51.730578947368414
2018-08-23,0,44.874199999999995,52.70834868421053
2018-08-24,0,47.24,42.763875
2018-08-25,0,42.519600000000004,52.96989583333333
2018-08-26,0,47.248000000000005,45.639475000000004
2018-08-27,0,42.5268,55.65161805555555
2018-08-28,0,47.256,46.849275
2018-08-29,0,42.534,48.663159722222225
2018-08-30,0,42.5376,51.03288888888889
2018-08-31,0,47.268,46.76615625
2018-09-01,0,42.544799999999995,47.02656944444444
2018-09-02,0,42.5484,50.42576388888889
2018-09-03,0,47.28,47.60925
2018-09-04,0,49.6482,48.25647023809524
2018-09-05,0,49.6524,47.906821428571426
2018-09-06,0,44.927400000000006,47.199552631578946
2018-09-07,0,47.29599999999999,44.8426
2018-09-08,0,44.935,51.39983552631578
2018-09-09,0,42.5736,48.39041666666667
2018-09-10,0,42.577200000000005,52.100430555555555
2018-09-11,0,42.580799999999996,51.897999999999996
2018-09-12,0,49.6818,39.80880357142857
2018-09-13,0,42.588,51.69902777777778
2018-09-14,0,42.5916,54.89529861111111
2018-09-15,0,42.5952,50.16100000000001
2018-09-16,0,44.9654,51.72032894736842
2018-09-17,0,44.9692,45.96588157894737
2018-09-18,0,42.606,52.437604166666674
2018-09-19,0,42.6096,49.24727777777778
2018-09-20,0,44.980599999999995,48.708309210526316
2018-09-21,0,47.352,42.65925
2018-09-22,0,49.7238,48.138422619047624
2018-09-23,0,168.12800000000001,11.783169014084507
2018-09-24,0,196.5606,11.533066265060242
2018-09-25,0,191.84040000000002,12.322524691358025
2018-09-26,0,172.90779999999998,12.708047945205479
2018-09-27,0,163.4472,12.773369565217394
2018-09-28,0,163.46099999999998,12.881802536231882
2018-09-29,0,189.536,10.461790625
2018-09-30,0,189.55199999999996,11.6920125
2018-10-01,0,168.2416,11.841802816901408
2018-10-02,0,170.62559999999996,13.792039930555555
2018-10-03,0,170.64000000000001,13.664062499999998
2018-10-04,0,213.318,10.127556944444445
2018-10-05,0,196.7432,11.407409638554217
2018-10-06,0,187.2774,12.032810126582278
2018-10-07,0,163.58520000000001,13.427800724637681
2018-10-08,0,203.906,11.767405523255814
2018-10-09,0,182.5824,11.52787012987013
2018-10-10,0,213.426,11.14275
2018-10-11,0,166.012,13.584457142857143
2018-10-12,0,173.1414,12.925294520547945
2018-10-13,0,199.248,11.078660714285714
2018-10-14,0,175.54280000000003,12.350695945945946
2018-10-15,0,166.06799999999998,13.986203571428572
2018-10-16,0,166.08200000000002,14.252555357142857
2018-10-17,0,192.1968,11.515012345679013
2018-10-18,0,187.467,10.725379746835442
2018-10-19,0,204.09519999999998,10.112337209302325
2018-10-20,0,206.4858,10.85120114942529
2018-10-21,0,180.3936,12.520421052631578
2018-10-22,0,208.89440000000002,10.201316761363636
2018-10-23,0,42.732,54.00701388888889
2018-10-24,0,42.735600000000005,51.63541666666667
2018-10-25,0,42.739200000000004,49.88316666666666
2018-10-26,0,49.8666,47.983130952380954
2018-10-27,0,49.8708,48.3405
2018-10-28,0,47.5,48.06484375
2018-10-29,0,42.7536,52.78913888888889
2018-10-30,0,42.7572,49.383375
2018-10-31,0,47.512,46.9586875
2018-11-01,0,45.1402,50.60817763157895
2018-11-02,0,47.519999999999996,45.477
2018-11-03,0,42.7716,52.49686111111111
2018-11-04,0,42.775200000000005,54.98072222222223
2018-11-05,0,47.532,44.462962499999996
2018-11-06,0,47.536,50.326525000000004
2018-11-07,0,42.785999999999994,50.236875
2018-11-08,0,47.544000000000004,48.75165
2018-11-09,0,49.925399999999996,48.64858928571429
2018-11-10,0,42.796800000000005,52.72833333333333
2018-11-11,0,42.800399999999996,53.0420625
2018-11-12,0,47.56,50.5329375
2018-11-13,0,47.564,48.48881875
2018-11-14,0,42.8112,54.70741666666667
2018-11-15,0,45.193400000000004,51.243677631578954
2018-11-16,0,45.1972,45.955828947368424
2018-11-17,0,49.959,48.40875
2018-11-18,0,47.584,44.222500000000004
2018-11-19,0,42.8292,49.139409722222226
2018-11-20,0,47.592,47.7667125
2018-11-21,0,47.596,45.81442500000001
2018-11-22,0,47.599999999999994,50.47375
2018-11-23,0,45.223800000000004,53.918092105263156
2018-11-24,0,45.227599999999995,51.47072368421053
2018-11-25,0,49.9926,40.362291666666664
2018-11-26,0,45.2352,51.379578947368415
2018-11-27,0,47.620000000000005,42.57240625000001
2018-11-28,0,42.861599999999996,56.829125
2018-11-29,0,45.2466,52.56678947368421
2018-11-30,0,50.0136,43.57040476190476
2018-12-01,0,50.0178,47.65555357142857
2018-12-02,0,42.87599999999999,47.31854166666667
2018-12-03,0,42.8796,47.73590972222222
2018-12-04,0,47.648,42.406
2018-12-05,0,50.0346,44.56146428571429
2018-12-06,0,50.0388,42.43388095238095
2018-12-07,0,45.277,47.786874999999995
2018-12-08,0,42.8976,52.8275
2018-12-09,0,50.0514,40.755375
2018-12-10,0,47.672,49.882062499999996
2018-12-11,0,42.9084,49.83360416666667
2018-12-12,0,42.912,55.12111111111111
2018-12-13,0,42.9156,50.876465277777775
2018-12-14,0,42.919200000000004,54.09225
2018-12-15,0,47.69199999999999,42.43728125
2018-12-16,0,47.696000000000005,47.663525
2018-12-17,0,47.699999999999996,48.13312500000001
2018-12-18,0,45.3188,51.84821052631579
2018-12-19,0,45.322599999999994,48.02173026315789
2018-12-20,0,45.32640000000001,48.90884210526316
2018-12-21,0,50.1018,41.58792857142857
2018-12-22,0,42.948,55.57277777777778
2018-12-23,0,42.9516,46.763062500000004
2018-12-24,0,45.3416,44.894236842105265
2018-12-25,0,45.3454,49.41644078947368
2018-12-26,0,42.9624,50.713375000000006
2018-12-27,0,50.127,40.71565476190476
2018-12-28,0,45.3568,50.11421052631579
2018-12-29,0,47.748,51.345937500000005
2018-12-30,0,50.1396,40.10141666666666
2018-12-31,0,47.756,43.60320625
2019-01-01,0,47.76,43.232625
2019-01-02,0,50.15220000000001,40.90988095238095
2019-01-03,0,50.1564,47.405273809523806
2019-01-04,0,50.1606,45.62951785714285
2019-01-05,0,45.38719999999999,44.73368421052631
2019-01-06,0,50.169000000000004,44.65708333333333
2019-01-07,0,43.005599999999994,51.376875
2019-01-08,0,50.177400000000006,40.57042857142857
2019-01-09,0,50.181599999999996,48.93690476190476
2019-01-10,0,43.016400000000004,49.7261875
2019-01-11,0,47.8,45.5040625
2019-01-12,0,45.4138,47.50876973684211
2019-01-13,0,45.4176,48.692368421052635
2019-01-14,0,50.202600000000004,43.790928571428566
2019-01-15,0,47.816,47.0116375
2019-01-16,0,50.211,47.00142857142857
2019-01-17,0,45.4328,47.72144736842105
2019-01-18,0,50.2194,43.001375
2019-01-19,0,47.832,51.137662500000005
2019-01-20,0,50.2278,42.82904166666667
2019-01-21,0,50.232,48.976190476190474
2019-01-22,0,43.059599999999996,52.986875
2019-01-23,0,50.24040000000001,46.13283333333334
2019-01-24,0,50.2446,47.560964285714284
2019-01-25,0,47.85600000000001,47.5107
2019-01-26,0,50.25299999999999,48.72532738095238
2019-01-27,0,43.077600000000004,54.043888888888894
2019-01-28,0,45.474599999999995,45.09793421052631
2019-01-29,0,43.0848,47.398666666666664
2019-01-30,0,50.2698,42.768571428571434
2019-01-31,0,50.274,47.761428571428574
2019-02-01,0,50.278200000000005,47.14082738095238
2019-02-02,0,45.4936,44.71900000000001
2019-02-03,0,43.1028,53.237333333333325
2019-02-04,0,50.290800000000004,43.76329761904762
2019-02-05,0,45.505,53.79177631578947
2019-02-06,0,43.1136,52.936
2019-02-07,0,45.5126,48.97084868421053
2019-02-08,0,47.912,43.810649999999995
2019-02-09,0,50.3118,46.809374999999996
2019-02-10,0,43.128,48.58097222222222
2019-02-11,0,43.131600000000006,53.681916666666666
2019-02-12,0,50.3244,46.64039285714286
2019-02-13,0,43.1388,56.810541666666666
2019-02-14,0,43.142399999999995,51.61155555555556
2019-02-15,0,45.543000000000006,44.46207236842105
2019-02-16,0,45.5468,53.73269736842106
2019-02-17,0,45.5506,46.34138157894737
2019-02-18,0,45.554399999999994,50.97892105263158
2019-02-19,0,43.1604,51.524687500000006
2019-02-20,0,50.35799999999999,48.7175
2019-02-21,0,43.1676,52.7808125
2019-02-22,0,50.3664,47.65314285714286
2019-02-23,0,47.972,46.75941875
2019-02-24,0,45.5772,51.98577631578947
2019-02-25,0,43.182,48.73375
2019-02-26,0,47.984,48.549549999999996
2019-02-27,0,43.1892,50.9273125
2019-02-28,0,50.3916,47.40439285714286
2019-03-01,0,43.1964,48.01763194444444
2019-03-02,0,43.199999999999996,53.020833333333336
2019-03-03,0,50.404199999999996,44.11008333333334
2019-03-04,0,48.00800000000001,50.7255125
2019-03-05,0,43.2108,49.4890625
2019-03-06,0,50.41680000000001,47.601976190476186
2019-03-07,0,43.217999999999996,48.76625
2019-03-08,0,48.024,49.5198
2019-03-09,0,45.626599999999996,48.8714802631579
2019-03-10,0,50.433600000000006,40.736
2019-03-11,0,45.63419999999999,44.82951315789474
2019-03-12,0,50.442,47.88904761904762
2019-03-13,0,45.641799999999996,47.2056447368421
2019-03-14,0,43.2432,48.68475
2019-03-15,0,50.4546,41.82192857142857
2019-03-16,0,48.056,45.042
2019-03-17,0,43.254,56.931875
2019-03-18,0,45.6608,44.94921052631579
2019-03-19,0,45.6646,45.64377631578947
2019-03-20,0,50.4756,43.71310714285714
2019-03-21,0,45.6722,47.62603947368421
2019-03-22,0,50.483999999999995,45.59642857142857
2019-03-23,0,50.4882,44.88417857142858
2019-03-24,0,48.087999999999994,50.7931375
2019-03-25,0,48.092000000000006,43.191125
2019-03-26,0,50.5008,45.34028571428571
2019-03-27,0,50.505,47.75803571428571
2019-03-28,0,50.50919999999999,47.492892857142856
2019-03-29,0,50.513400000000004,47.5855
2019-03-30,0,50.517599999999995,40.61138095238095
2019-03-31,0,48.116,43.5841
2019-04-01,0,45.71399999999999,46.96875
2019-04-02,0,45.717800000000004,52.80627631578947
2019-04-03,0,45.7216,51.721947368421056
2019-04-04,0,43.3188,54.494625000000006
2019-04-05,0,43.3224,48.860499999999995
2019-04-06,0,50.547,46.17892857142858
2019-04-07,0,45.7368,53.219526315789466
2019-04-08,0,43.3332,54.19585416666666
2019-04-09,0,43.3368,46.99375
2019-04-10,0,45.7482,46.20534868421052
2019-04-11,0,48.16,48.879999999999995
2019-04-12,0,43.3476,56.50820138888889
2019-04-13,0,45.759600000000006,49.48026315789473
2019-04-14,0,43.3548,48.57635416666666
2019-04-15,0,48.176,51.5257
2019-04-16,0,48.17999999999999,46.92159375
2019-04-17,0,45.774800000000006,45.33597368421052
2019-04-18,0,50.59739999999999,45.947089285714284
2019-04-19,0,45.7824,52.767
2019-04-20,0,48.196,47.12218125
2019-04-21,0,43.38,54.45173611111111
2019-04-22,0,50.6142,46.13848214285715
2019-04-23,0,50.6184,45.8727619047619
2019-04-24,0,50.6226,46.1446130952381
2019-04-25,0,43.394400000000005,54.570750000000004
2019-04-26,0,43.398,50.078784722222224
2019-04-27,0,48.224000000000004,45.0739
2019-04-28,0,45.8166,54.284447368421056
2019-04-29,0,50.6436,46.15994047619048
2019-04-30,0,45.8242,51.91392105263158
2019-05-01,0,50.652,45.53857142857142
2019-05-02,0,48.244,43.865162500000004
2019-05-03,0,50.660399999999996,46.88944047619048
2019-05-04,0,50.66460000000001,47.78916071428571
2019-05-05,0,45.843199999999996,51.93115789473684
2019-05-06,0,48.260000000000005,45.66578125
2019-05-07,0,43.437599999999996,48.964499999999994
2019-05-08,0,43.4412,50.11870138888889
2019-05-09,0,50.685599999999994,40.71947619047619
2019-05-10,0,48.276,47.18480625
2019-05-11,0,48.279999999999994,51.238
2019-05-12,0,48.284000000000006,46.814293750000004
2019-05-13,0,48.288000000000004,48.889799999999994
2019-05-14,0,45.8774,48.98725
2019-05-15,0,50.7108,40.645964285714285
2019-05-16,0,50.715,48.904017857142854
2019-05-17,0,45.8888,52.270078947368425
2019-05-18,0,50.7234,47.83357738095238
2019-05-19,0,48.312,49.380449999999996
2019-05-20,0,43.4844,55.18495138888889
2019-05-21,0,45.903999999999996,52.48236842105263
2019-05-22,0,50.7402,44.07601785714285
2019-05-23,0,45.91160000000001,51.49709210526316
2019-05-24,0,45.9154,54.378184210526314
2019-05-25,0,50.75280000000001,45.79071428571428
2019-05-26,0,43.506,56.359236111111116
2019-05-27,0,45.92680000000001,50.91525
2019-05-28,0,50.76539999999999,45.79982142857143
2019-05-29,0,50.769600000000004,46.34171428571429
2019-05-30,0,43.520399999999995,49.35360416666667
2019-05-31,0,48.36,49.3254375
2019-06-01,0,45.94579999999999,50.03857894736843
2019-06-02,0,45.949600000000004,52.325552631578944
2019-06-03,0,45.9534,50.640986842105264
2019-06-04,0,43.5384,57.650694444444454
2019-06-05,0,43.542,50.0021875
2019-06-06,0,48.384,51.043350000000004
2019-06-07,0,50.8074,43.85319047619048
2019-06-08,0,50.8116,41.699238095238094
2019-06-09,0,45.9762,48.575072368421054
2019-06-10,0,45.98,46.79013157894737
2019-06-11,0,50.8242,41.258089285714284
2019-06-12,0,50.828399999999995,43.32835714285714
2019-06-13,0,45.991400000000006,49.78028289473684
2019-06-14,0,43.5744,50.45155555555555
2019-06-15,0,45.999,53.265
2019-06-16,0,43.581599999999995,56.437694444444446
2019-06-17,0,43.5852,49.09775
2019-06-18,0,46.0104,49.20039473684211
2019-06-19,0,48.43600000000001,46.74346875
2019-06-20,0,48.44,50.1463125
2019-06-21,0,48.444,46.56076875
2019-06-22,0,43.6032,54.04638888888889
2019-06-23,0,46.0294,46.73098684210526
2019-06-24,0,50.8788,44.26242857142857
2019-06-25,0,50.883,46.78452380952381
2019-06-26,0,48.464,49.221475
2019-06-27,0,43.6212,52.5945625
2019-06-28,0,48.472,43.5587375
2019-06-29,0,50.8998,46.97689285714286
2019-06-30,0,48.48,47.25
2019-07-01,0,50.9082,42.03277976190476
2019-07-02,0,50.912400000000005,42.575630952380955
2019-07-03,0,48.492,46.3141875
2019-07-04,0,48.49600000000001,46.222725
2019-07-05,0,43.65,52.09722222222223
2019-07-06,0,46.0788,54.13515789473685
2019-07-07,0,43.657199999999996,53.36469444444444
2019-07-08,0,43.6608,54.73394444444444
2019-07-09,0,50.94179999999999,47.45823214285714
2019-07-10,0,50.946000000000005,42.77827380952381
2019-07-11,0,46.09779999999999,50.07166447368421
2019-07-12,0,50.9544,42.333571428571425
2019-07-13,0,43.6788,49.917881944444446
2019-07-14,0,50.9628,43.690416666666664
2019-07-15,0,46.113,47.99388157894737
2019-07-16,0,43.6896,57.07533333333333
2019-07-17,0,46.1206,47.103953947368424
2019-07-18,0,46.1244,52.385447368421055
2019-07-19,0,43.7004,54.77374305555555
2019-07-20,0,43.704,47.943333333333335
2019-07-21,0,46.135799999999996,45.423
2019-07-22,0,48.568,50.8203375
2019-07-23,0,51.000600000000006,47.50214880952381
2019-07-24,0,48.57599999999999,44.95875
2019-07-25,0,43.72200000000001,50.062638888888884
2019-07-26,0,51.0132,47.15094047619048
2019-07-27,0,46.15860000000001,45.540651315789475
2019-07-28,0,51.02159999999999,42.648833333333336
2019-07-29,0,46.1662,46.144651315789474
2019-07-30,0,46.169999999999995,49.33717105263158
2019-07-31,0,46.1738,46.35009868421052
2019-08-01,0,46.17759999999999,52.633263157894746
2019-08-02,0,43.7508,53.56164583333333
2019-08-03,0,48.616,47.8298125
2019-08-04,0,48.620000000000005,46.601625000000006
2019-08-05,0,43.7616,48.52025
2019-08-06,0,51.0594,40.77954761904762
2019-08-07,0,48.632,46.8950625
2019-08-08,0,51.0678,45.74769642857142
2019-08-09,0,51.071999999999996,47.19452380952381
2019-08-10,0,51.0762,48.551297619047624
2019-08-11,0,51.0804,44.13224999999999
2019-08-12,0,51.084599999999995,41.8787619047619
2019-08-13,0,46.223200000000006,51.777078947368416
2019-08-14,0,48.66,46.53759375
2019-08-15,0,43.7976,54.13419444444445
2019-08-16,0,46.23459999999999,53.28406578947368
2019-08-17,0,43.8048,51.40266666666666
2019-08-18,0,48.675999999999995,49.29925
2019-08-19,0,48.68000000000001,44.561875
2019-08-20,0,48.684,45.513
2019-08-21,0,43.8192,54.57705555555556
2019-08-22,0,48.692,47.6052875
2019-08-23,0,48.696,42.866550000000004
2019-08-24,0,46.265,46.12401315789474
2019-08-25,0,51.1392,43.45033333333333
2019-08-26,0,51.1434,46.52473214285715
2019-08-27,0,48.712,50.656575000000004
2019-08-28,0,48.716,49.047143750000004
2019-08-29,0,48.72,49.619625
2019-08-30,0,43.8516,56.92875
2019-08-31,0,48.727999999999994,42.699375
2019-09-01,0,43.8588,49.450187500000006
2019-09-02,0,51.172799999999995,48.80571428571429
2019-09-03,0,46.303000000000004,52.348289473684204
2019-09-04,0,48.744,48.6901125
2019-09-05,0,46.31060000000001,45.760828947368424
2019-09-06,0,51.1896,46.28723809523809
2019-09-07,0,48.756,48.69973125
2019-09-08,0,43.88399999999999,47.89069444444445
2019-09-09,0,46.3258,53.568263157894734
2019-09-10,0,51.206399999999995,45.66642857142857
2019-09-11,0,46.333400000000005,44.97927631578948
2019-09-12,0,46.3372,51.27975
2019-09-13,0,48.78,47.95921875
2019-09-14,0,51.2232,44.77392857142858
2019-09-15,0,51.2274,46.947874999999996
2019-09-16,0,51.2316,49.3935
2019-09-17,0,46.3562,54.39642105263158
2019-09-18,0,190.32,12.35
2019-09-19,0,170.814,13.735189285714286
2019-09-20,0,219.636,10.514716666666667
2019-09-21,0,195.248,13.0413234375
2019-09-22,0,178.1784,12.496438356164383
2019-09-23,0,200.16199999999998,12.075922256097561
2019-09-24,0,180.64880000000002,13.485050675675675
2019-09-25,0,187.9878,12.121163961038961
2019-09-26,0,205.0944,12.017035714285713
2019-09-27,0,166.0424,15.209
2019-09-28,0,185.592,11.732713815789475
2019-09-29,0,170.95399999999998,12.712050000000001
2019-09-30,0,197.83440000000002,11.432475308641974
2019-10-01,0,192.96540000000002,12.517025316455697
2019-10-02,0,192.9812,13.240031645569621
2019-10-03,0,200.326,10.970571646341464
2019-10-04,0,183.24,13.948
2019-10-05,0,202.8022,11.96276204819277
2019-10-06,0,207.706,10.070735294117647
2019-10-07,0,222.3858,10.870714285714287
2019-10-08,0,210.184,10.817703488372093
2019-10-09,0,205.31279999999998,10.37383630952381
2019-10-10,0,195.552,12.8435625
2019-10-11,0,176.01120000000003,13.346553819444445
2019-10-12,0,212.6976,11.746103448275862
2019-10-13,0,180.93,12.447466216216215
2019-10-14,0,190.7256,11.88311217948718
2019-10-15,0,205.41360000000003,11.125680059523809
2019-10-16,0,193.20239999999998,12.72212658227848
2019-10-17,0,217.67620000000002,10.694522471910112
2019-10-18,0,46.474,54.00638157894737
2019-10-19,0,44.031600000000005,54.57775
2019-10-20,0,46.48159999999999,48.20126315789473
2019-10-21,0,51.378600000000006,41.16536904761905
2019-10-22,0,51.3828,42.800285714285714
2019-10-23,0,48.94,48.9424375
2019-10-24,0,51.3912,42.44314285714286
2019-10-25,0,46.5006,52.42730921052632
2019-10-26,0,46.5044,50.826750000000004
2019-10-27,0,51.4038,45.989125
2019-10-28,0,48.96,47.91075
2019-10-29,0,44.0676,53.3435
2019-10-30,0,48.967999999999996,47.535987500000005
2019-10-31,0,46.523399999999995,51.344842105263155
2019-11-01,0,48.976000000000006,46.30365
2019-11-02,0,48.98,50.21321875
2019-11-03,0,48.98400000000001,43.83225
2019-11-04,0,51.4374,43.47210119047619
2019-11-05,0,48.992000000000004,43.07560000000001
2019-11-06,0,51.44579999999999,46.473142857142854
2019-11-07,0,46.550000000000004,51.870065789473685
2019-11-08,0,44.10359999999999,52.001673611111116
2019-11-09,0,46.5576,48.46523684210526
2019-11-10,0,44.1108,48.936708333333335
2019-11-11,0,49.016000000000005,49.766175000000004
2019-11-12,0,51.471000000000004,48.67071428571428
2019-11-13,0,51.4752,47.675
2019-11-14,0,49.028,47.20134375
2019-11-15,0,46.5804,47.07896052631579
2019-11-16,0,44.1324,57.64511111111111
2019-11-17,0,51.492,42.41916666666666
2019-11-18,0,44.1396,49.386291666666665
2019-11-19,0,51.5004,46.60360714285714
2019-11-20,0,51.504599999999996,44.15367857142857
2019-11-21,0,44.1504,55.013999999999996
2019-11-22,0,44.154,55.971666666666664
2019-11-23,0,44.157599999999995,55.33925
2019-11-24,0,51.52140000000001,42.71124999999999
2019-11-25,0,46.618399999999994,51.42905263157895
2019-11-26,0,51.5298,48.07917261904762
2019-11-27,0,44.172,53.55104166666667
2019-11-28,0,51.5382,42.90423809523809
2019-11-29,0,51.542399999999994,45.72509523809524
2019-11-30,0,49.092,48.10995
2019-12-01,0,46.641200000000005,50.343907894736844
2019-12-02,0,44.19,51.44704861111111
2019-12-03,0,44.1936,49.0105
2019-12-04,0,44.1972,49.65025
2019-12-05,0,46.6564,46.33656578947368
2019-12-06,0,46.6602,51.868184210526316
2019-12-07,0,44.208,51.03944444444445
2019-12-08,0,46.6678,49.96484868421052
2019-12-09,0,44.215199999999996,48.8175
2019-12-10,0,46.675399999999996,45.748453947368425
2019-12-11,0,44.22240000000001,55.82905555555555
2019-12-12,0,49.14,51.7779375
2019-12-13,0,44.229600000000005,49.25488888888889
2019-12-14,0,51.605399999999996,49.95573214285714
2019-12-15,0,46.6944,50.79236842105263
2019-12-16,0,44.240399999999994,57.97079166666666
2019-12-17,0,51.618,43.68571428571428
2019-12-18,0,49.163999999999994,51.0337125
2019-12-19,0,44.251200000000004,54.47775
2019-12-20,0,51.630599999999994,41.96472023809524
2019-12-21,0,49.176,44.926125
2019-12-22,0,51.639,43.973125
2019-12-23,0,51.6432,41.15352380952381
2019-12-24,0,49.188,49.1416125
2019-12-25,0,49.192,44.3642
2019-12-26,0,49.196,47.809374999999996
2019-12-27,0,46.74,45.29605263157895
2019-12-28,0,44.2836,52.06590277777778
2019-12-29,0,49.208,47.14928749999999
2019-12-30,0,44.2908,58.13014583333334
2019-12-31,0,46.755199999999995,55.17494736842105
2020-01-01,0,51.681000000000004,45.459494047619046
2020-01-02,0,49.224,46.970287500000005
2020-01-03,0,49.22800000000001,51.27845
2020-01-04,0,51.693599999999996,45.468404761904765
2020-01-05,0,44.312400000000004,54.113062500000005
2020-01-06,0,44.315999999999995,56.88090277777777
2020-01-07,0,51.7062,44.56594642857143
2020-01-08,0,49.24799999999999,51.29520000000001
2020-01-09,0,49.252,52.542731249999996
2020-01-10,0,46.7932,47.957
2020-01-11,0,51.723,44.942232142857144
2020-01-12,0,51.7272,42.939499999999995
2020-01-13,0,51.7314,42.304095238095236
2020-01-14,0,46.8084,48.47340789473684
2020-01-15,0,46.8122,45.65465131578947
2020-01-16,0,49.28,47.77925
2020-01-17,0,44.355599999999995,47.878125
2020-01-18,0,46.8236,52.215763157894735
2020-01-19,0,44.3628,58.09970833333333
2020-01-20,0,51.7608,41.41128571428572
2020-01-21,0,46.834999999999994,45.370065789473685
2020-01-22,0,46.838800000000006,49.10369736842105
2020-01-23,0,49.30799999999999,43.969331249999996
2020-01-24,0,49.312000000000005,47.804199999999994
2020-01-25,0,46.850199999999994,51.63452631578947
2020-01-26,0,44.388000000000005,49.60958333333333
2020-01-27,0,49.324,52.508675
2020-01-28,0,46.8616,48.416842105263164
2020-01-29,0,44.398799999999994,48.44802083333334
2020-01-30,0,46.8692,54.07252631578947
2020-01-31,0,44.406,56.015347222222225
2020-02-01,0,49.344,48.1167
2020-02-02,0,49.348,46.87370625
2020-02-03,0,44.4168,51.872263888888895
2020-02-04,0,44.4204,48.46697916666667
2020-02-05,0,46.891999999999996,47.735657894736846
2020-02-06,0,49.364,50.43353750000001
2020-02-07,0,46.8996,55.513815789473675
2020-02-08,0,44.434799999999996,57.110055555555554
2020-02-09,0,44.4384,54.556444444444445
2020-02-10,0,49.38000000000001,49.2958125
2020-02-11,0,46.9148,49.36969736842105
2020-02-12,0,46.918600000000005,52.40192763157895
2020-02-13,0,44.452799999999996,53.717999999999996
2020-02-14,0,46.9262,51.802875
2020-02-15,0,49.39999999999999,49.120000000000005
2020-02-16,0,44.4636,51.703020833333326
2020-02-17,0,46.937599999999996,53.732
2020-02-18,0,46.9414,52.422414473684206
2020-02-19,0,51.8868,43.86857142857143
2020-02-20,0,49.42,43.66578125
2020-02-21,0,46.9528,47.482368421052634
2020-02-22,0,51.8994,45.431125
2020-02-23,0,44.4888,48.953625
2020-02-24,0,49.436,45.59703125
2020-02-25,0,46.967999999999996,46.58526315789474
2020-02-26,0,44.4996,58.563812500000004
2020-02-27,0,51.9204,47.6404880952381
2020-02-28,0,49.452,44.64871875
2020-02-29,0,44.510400000000004,58.68194444444445
2020-03-01,0,49.459999999999994,47.727531250000006
2020-03-02,0,51.937200000000004,41.341857142857144
2020-03-03,0,44.52119999999999,52.71734722222222
2020-03-04,0,46.998400000000004,47.418368421052634
2020-03-05,0,51.949799999999996,49.94925
2020-03-06,0,51.95400000000001,46.475952380952386
2020-03-07,0,51.95819999999999,47.668398809523815
2020-03-08,0,44.5392,51.98725
2020-03-09,0,44.54279999999999,58.18253472222223
2020-03-10,0,44.546400000000006,55.19693055555555
2020-03-11,0,51.975,48.59598214285714
2020-03-12,0,49.504000000000005,45.83970000000001
2020-03-13,0,44.5572,49.12097222222222
2020-03-14,0,44.5608,48.376625000000004
2020-03-15,0,49.516,47.00206875
2020-03-16,0,44.568,51.266666666666666
2020-03-17,0,47.0478,55.25017105263158
2020-03-18,0,52.0044,46.60379761904762
2020-03-19,0,52.0086,46.5152619047619
2020-03-20,0,47.0592,46.759263157894736
2020-03-21,0,44.586000000000006,56.30482638888889
2020-03-22,0,44.5896,54.919472222222225
2020-03-23,0,44.5932,52.46539583333334
2020-03-24,0,52.029599999999995,49.18664285714286
2020-03-25,0,49.556000000000004,51.937875
2020-03-26,0,49.559999999999995,44.438625
2020-03-27,0,52.0422,43.33299404761905
2020-03-28,0,44.6112,53.55133333333333
2020-03-29,0,47.0934,54.78692763157895
2020-03-30,0,52.05479999999999,45.35732142857143
2020-03-31,0,49.58,47.820718750000005
2020-04-01,0,47.104800000000004,55.30405263157895
2020-04-02,0,47.1086,49.5337697368421
2020-04-03,0,52.071600000000004,46.10234523809524
2020-04-04,0,44.6364,57.2115625
2020-04-05,0,49.6,43.986250000000005
2020-04-06,0,49.604,43.98910625
2020-04-07,0,49.608,46.87983750000001
2020-04-08,0,52.0926,45.47552380952381
2020-04-09,0,49.616,52.469875
2020-04-10,0,44.658,50.708125
2020-04-11,0,49.62400000000001,47.758599999999994
2020-04-12,0,49.628,50.457924999999996
2020-04-13,0,44.668800000000005,58.529
2020-04-14,0,47.154199999999996,45.61875
2020-04-15,0,49.64,45.170562499999996
2020-04-16,0,47.16179999999999,51.505184210526316
2020-04-17,0,44.6832,49.660888888888884
2020-04-18,0,49.651999999999994,48.55095
2020-04-19,0,44.690400000000004,53.199708333333334
2020-04-20,0,49.660000000000004,44.7035
2020-04-21,0,44.6976,56.31122222222222
2020-04-22,0,49.668,49.719825
2020-04-23,0,47.1884,49.601328947368415
2020-04-24,0,44.7084,52.14620138888889
2020-04-25,0,49.68,45.778125
2020-04-26,0,47.199799999999996,46.567361842105264
2020-04-27,0,47.2036,51.74486842105263
2020-04-28,0,52.1766,43.882107142857144
2020-04-29,0,52.1808,50.03619047619048
2020-04-30,0,52.18500000000001,42.143303571428575
2020-05-01,0,47.218799999999995,52.87464473684211
2020-05-02,0,44.7372,51.209069444444445
2020-05-03,0,49.711999999999996,46.187575
2020-05-04,0,44.744400000000006,48.96564583333333
2020-05-05,0,49.72,52.5584375
2020-05-06,0,44.7516,50.25790972222223
2020-05-07,0,47.24159999999999,46.09294736842106
2020-05-08,0,49.732,52.4722
2020-05-09,0,49.73599999999999,45.4338375
2020-05-10,0,47.253,46.71118421052631
2020-05-11,0,52.2312,43.91909523809524
2020-05-12,0,44.7732,51.67106944444445
2020-05-13,0,49.752,47.278875
2020-05-14,0,49.756,45.3520625
2020-05-15,0,47.272,53.02421052631579
2020-05-16,0,52.2522,41.35982142857142
2020-05-17,0,44.791199999999996,55.870013888888884
2020-05-18,0,49.772,48.16285625
2020-05-19,0,44.7984,54.268499999999996
2020-05-20,0,52.269,48.817232142857144
2020-05-21,0,47.29480000000001,51.31730263157895
2020-05-22,0,44.8092,57.711708333333334
2020-05-23,0,47.302400000000006,52.34026315789474
2020-05-24,0,47.3062,51.835460526315785
2020-05-25,0,44.82000000000001,56.86458333333333
2020-05-26,0,49.803999999999995,52.3402625
2020-05-27,0,47.317600000000006,48.2875
2020-05-28,0,52.30259999999999,43.139624999999995
2020-05-29,0,47.3252,51.140539473684214
2020-05-30,0,47.329,52.872368421052634
2020-05-31,0,47.3328,49.113473684210526
2020-06-01,0,47.336600000000004,54.506263157894736
2020-06-02,0,44.8488,54.210347222222225
2020-06-03,0,44.8524,57.97125
2020-06-04,0,44.856,53.251111111111115
2020-06-05,0,47.3518,50.14653289473684
2020-06-06,0,49.848,46.965825
2020-06-07,0,44.8668,49.073548611111114
2020-06-08,0,47.3632,49.64757894736842
2020-06-09,0,49.86000000000001,50.841187500000004
2020-06-10,0,52.3572,47.68683333333334
2020-06-11,0,44.88120000000001,56.39010416666667
2020-06-12,0,49.872,49.594274999999996
2020-06-13,0,49.876000000000005,51.82115
2020-06-14,0,47.385999999999996,51.804144736842105
2020-06-15,0,52.37820000000001,48.899410714285715
2020-06-16,0,52.3824,42.73219047619048
2020-06-17,0,44.9028,50.39470138888889
2020-06-18,0,47.401199999999996,53.54818421052632
2020-06-19,0,47.405,54.467927631578945
2020-06-20,0,49.904,46.524725
2020-06-21,0,52.403400000000005,49.93175
2020-06-22,0,49.912,46.820949999999996
2020-06-23,0,47.4202,49.2883947368421
2020-06-24,0,52.416,44.965714285714284
2020-06-25,0,52.4202,50.497547619047616
2020-06-26,0,44.9352,56.44479166666667
2020-06-27,0,47.4354,49.91230263157895
2020-06-28,0,47.4392,47.470684210526315
2020-06-29,0,52.437,42.49157738095238
2020-06-30,0,49.944,47.03872500000001
2020-07-01,0,49.94799999999999,50.81671875
2020-07-02,0,44.9568,54.10044444444444
2020-07-03,0,44.96039999999999,49.0485
2020-07-04,0,44.964000000000006,51.84847222222223
2020-07-05,0,44.9676,48.83968055555555
2020-07-06,0,52.46640000000001,47.767
2020-07-07,0,49.971999999999994,46.769493749999995
2020-07-08,0,47.4772,49.74389473684211
2020-07-09,0,49.980000000000004,44.3544375
2020-07-10,0,52.483200000000004,48.97842857142857
2020-07-11,0,47.4886,48.73398684210527
2020-07-12,0,47.4924,46.188118421052636
2020-07-13,0,49.996,47.950031249999995
2020-07-14,0,50.0,53.0875
2020-07-15,0,50.004,44.46849375
2020-07-16,0,50.007999999999996,47.5717625
2020-07-17,0,52.5126,46.509
2020-07-18,0,47.5152,48.348
2020-07-19,0,47.519,46.61700657894737
2020-07-20,0,45.0216,51.255944444444445
2020-07-21,0,50.028000000000006,46.133325
2020-07-22,0,50.032,45.942449999999994
2020-07-23,0,52.537800000000004,46.25005357142857
2020-07-24,0,45.035999999999994,49.761250000000004
2020-07-25,0,47.5418,47.55346052631579
2020-07-26,0,52.550399999999996,49.86000000000001
2020-07-27,0,45.046800000000005,52.14091666666667
2020-07-28,0,50.056,53.0384875
2020-07-29,0,45.054,56.888333333333335
2020-07-30,0,50.064,44.220600000000005
2020-07-31,0,50.068,53.145725
2020-08-01,0,47.568400000000004,46.34981578947369
2020-08-02,0,47.5722,46.046506578947366
2020-08-03,0,47.576,52.584210526315786
2020-08-04,0,47.5798,47.17567105263158
2020-08-05,0,47.5836,48.097776315789474
2020-08-06,0,52.596599999999995,49.98775595238095
2020-08-07,0,50.096,46.76605000000001
2020-08-08,0,52.605,46.94464285714286
2020-08-09,0,50.104000000000006,52.8854375
2020-08-10,0,52.6134,47.96733928571429
2020-08-11,0,45.10080000000001,57.04383333333333
2020-08-12,0,52.62179999999999,45.10804761904762
2020-08-13,0,45.108000000000004,49.501875000000005
2020-08-14,0,52.630199999999995,49.828624999999995
2020-08-15,0,50.128,50.8673
2020-08-16,0,47.62539999999999,51.40196710526316
2020-08-17,0,45.1224,59.223375
2020-08-18,0,52.64699999999999,49.10169642857143
2020-08-19,0,50.144000000000005,49.423899999999996
2020-08-20,0,45.1332,55.24266666666666
2020-08-21,0,52.6596,45.31916666666667
2020-08-22,0,47.6482,48.661605263157895
2020-08-23,0,45.144,57.087916666666665
2020-08-24,0,52.6722,49.12066071428571
2020-08-25,0,47.6596,52.761
2020-08-26,0,50.172,48.3775875
2020-08-27,0,50.176,49.83795
2020-08-28,0,52.689,44.506815476190475
2020-08-29,0,50.184,53.24504999999999
2020-08-30,0,45.169200000000004,49.12420138888889
2020-08-31,0,50.19199999999999,44.408975000000005
2020-09-01,0,52.7058,49.608714285714285
2020-09-02,0,45.17999999999999,53.02118055555556
2020-09-03,0,50.20400000000001,50.151975
2020-09-04,0,50.208,43.934400000000004
2020-09-05,0,52.7226,49.89920833333334
2020-09-06,0,52.7268,48.421083333333335
2020-09-07,0,50.22,51.720375000000004
2020-09-08,0,47.7128,49.94294736842106
2020-09-09,0,52.7394,48.15261904761905
2020-09-10,0,47.7204,46.162223684210524
2020-09-11,0,47.7242,49.03132236842105
2020-09-12,0,223.568,10.511741573033706
2020-09-13,0,170.8296,12.872150735294117
2020-09-14,0,221.0912,10.45571875
2020-09-15,0,178.3946,13.535426056338027
2020-09-16,0,188.46,12.062100000000001
2020-09-17,0,180.93599999999998,14.538142361111113
2020-09-18,0,216.13520000000003,12.172249999999998
2020-09-19,0,193.53179999999998,12.408112012987013
2020-09-20,0,180.97920000000002,13.081444444444445
2020-09-21,0,223.7282,10.845820224719102
2020-09-22,0,228.77400000000003,9.624313186813188
2020-09-23,0,181.02239999999998,14.624845486111111
2020-09-24,0,201.15200000000002,12.09263125
2020-09-25,0,203.68259999999998,13.193791666666668
2020-09-26,0,208.72840000000002,12.29032530120482
2020-09-27,0,211.25999999999996,12.608333333333333
2020-09-28,0,193.6704,13.452
2020-09-29,0,208.7782,11.870424698795182
2020-09-30,0,213.826,12.508217647058824
2020-10-01,0,211.3272,11.962446428571429
2020-10-02,0,191.216,13.606874999999999
2020-10-03,0,183.6826,12.539503424657534
2020-10-04,0,193.7628,13.558363636363636
2020-10-05,0,218.9442,10.791675287356322
2020-10-06,0,229.0288,11.281274725274725
2020-10-07,0,186.25799999999998,12.557508445945945
2020-10-08,0,193.8244,12.144935064935066
2020-10-09,0,229.08340000000004,9.913160714285713
2020-10-10,0,201.408,12.860100000000001
2020-10-11,0,214.01300000000003,10.797675
2020-10-12,0,45.324,56.94680555555556
2020-10-13,0,50.364000000000004,43.8496875
2020-10-14,0,52.886399999999995,44.54857142857143
2020-10-15,0,50.372,51.6518125
2020-10-16,0,47.85719999999999,50.47531578947369
2020-10-17,0,52.899,50.219613095238095
2020-10-18,0,50.384,50.199625
2020-10-19,0,52.9074,46.23396428571429
2020-10-20,0,47.8724,49.97517105263157
2020-10-21,0,50.396,45.724568749999996
2020-10-22,0,47.88,46.286842105263155
2020-10-23,0,50.403999999999996,50.020706249999996
2020-10-24,0,45.3672,52.873444444444445
2020-10-25,0,52.9326,50.70975
2020-10-26,0,52.9368,45.23302380952381
2020-10-27,0,50.42,44.57178125
2020-10-28,0,45.381600000000006,55.704750000000004
2020-10-29,0,47.9066,46.51296710526315
2020-10-30,0,50.432,49.5554
2020-10-31,0,52.9578,50.636339285714286
2020-11-01,0,45.396,53.11736111111111
2020-11-02,0,52.96619999999999,45.06747023809524
2020-11-03,0,50.44800000000001,47.323875
2020-11-04,0,45.4068,49.00747222222222
2020-11-05,0,52.97880000000001,50.466678571428574
2020-11-06,0,47.937,52.5978947368421
2020-11-07,0,47.9408,47.56715789473684
2020-11-08,0,52.9914,44.80591666666667
2020-11-09,0,45.424800000000005,52.819208333333336
2020-11-10,0,50.476,46.75938125
2020-11-11,0,45.432,56.40555555555556
2020-11-12,0,47.9598,48.815625000000004
2020-11-13,0,47.9636,55.19088157894737
2020-11-14,0,53.0166,50.49576785714286
2020-11-15,0,47.971199999999996,48.824999999999996
2020-11-16,0,45.449999999999996,54.14496527777778
2020-11-17,0,50.504,51.6634625
2020-11-18,0,50.50800000000001,49.225049999999996
2020-11-19,0,45.4608,58.27941666666666
2020-11-20,0,47.9902,46.98982236842105
2020-11-21,0,45.467999999999996,55.24770833333333
2020-11-22,0,45.4716,59.267541666666666
2020-11-23,0,50.52799999999999,44.5512
2020-11-24,0,50.532000000000004,53.738437499999996
2020-11-25,0,53.062799999999996,48.48401190476191
2020-11-26,0,45.486000000000004,50.59659722222222
2020-11-27,0,53.07119999999999,51.09621428571428
2020-11-28,0,45.4932,56.24976388888889
2020-11-29,0,45.4968,52.77825
2020-11-30,0,53.083800000000004,50.91983928571428
2020-12-01,0,53.088,42.82380952380952
2020-12-02,0,50.564,44.967875
2020-12-03,0,50.568,50.640975
2020-12-04,0,53.1006,44.13560714285715
2020-12-05,0,50.576,49.86525
2020-12-06,0,45.522,57.14770833333333
2020-12-07,0,45.5256,52.47929166666667
2020-12-08,0,50.587999999999994,50.95054375
2020-12-09,0,50.592000000000006,48.6066
2020-12-10,0,53.1258,47.31959523809524
2020-12-11,0,53.13,42.664880952380955
2020-12-12,0,53.13419999999999,50.027303571428575
2020-12-13,0,45.547200000000004,51.521166666666666
2020-12-14,0,48.081399999999995,56.6391447368421
2020-12-15,0,53.146800000000006,42.20989285714286
2020-12-16,0,53.150999999999996,49.57416666666667
2020-12-17,0,48.092800000000004,50.675999999999995
2020-12-18,0,50.628,53.625225
2020-12-19,0,50.632000000000005,53.2372
2020-12-20,0,50.636,51.0874875
2020-12-21,0,48.108000000000004,55.22210526315789
2020-12-22,0,48.1118,49.97095394736842
2020-12-23,0,45.5832,51.771611111111106
2020-12-24,0,50.652,49.24055625
2020-12-25,0,45.5904,52.21333333333333
2020-12-26,0,48.126999999999995,47.20111842105263
2020-12-27,0,50.664,47.977125
2020-12-28,0,45.601200000000006,49.28577083333334
2020-12-29,0,48.1384,50.921
2020-12-30,0,45.6084,52.012375000000006
2020-12-31,0,45.611999999999995,51.79805555555555
